t,x,y,z
0.0,1.0,1.0,1.0
0.01,1.0125017307654964,1.2600047261929894,0.9848906641746467
0.02,1.0487474842527393,1.524096707568219,0.9731175133902338
0.03,1.1072189224585736,1.7982995614431165,0.9651706810879358
0.04,1.1868850188223221,2.0885262443344654,0.9617602553912217
0.05,1.2873738146067268,2.400410562820716,0.9638783084145061
0.06,1.4092757421494972,2.7389386824083686,0.9726841095289867
0.07,1.5535123641549446,3.109386517560619,0.9897657322730741
0.08,1.721238215417926,3.5174694415848355,1.0171966792084755
0.09,1.9138408028238452,3.969342286632558,1.0575358819201945
0.1,2.1331620412079135,4.471211587057763,1.1142794774719267
0.11,2.381936467662129,5.029356612596764,1.1911052924359886
0.12,2.663247781283959,5.650577102228884,1.2925168191720364
0.13,2.980433809839013,6.341893942838958,1.4248693666705758
0.14,3.337086538518449,7.110549028628652,1.5963703408341077
0.15,3.7370521099389755,7.9640052611164664,1.817079244477126
0.16,4.184413841298719,8.909868262120936,2.098923746919819
0.17,4.681328314650118,9.944933646878225,2.458515627238871
0.18,5.233929409024491,11.079944064006899,2.9135924957426407
0.19,5.849745741967678,12.330208215332567,3.483628607108998
0.2,6.534307404392347,13.700661919025,4.192511732927015
0.21,7.291145960578007,15.185868109598154,5.068543161696964
0.22,8.121794448171007,16.770016837910177,6.144437698830332
0.23,9.025787378184532,18.426925271163366,7.457323666649802
0.24,10.000660734998593,20.12003769290422,9.048742904389254
0.25,11.04195197636006,21.802425503023407,10.964650768193797
0.26,12.143101893551187,23.416967148796846,13.254798564336047
0.27,13.288038122775788,24.891009717452775,15.93538753433671
0.28,14.451613806795969,26.101599103731708,19.007311104503373
0.29,15.602305887027118,26.921657924585766,22.446177594997167
0.3,16.70002273100129,27.23479117130266,26.183010500019172
0.31,17.69610413236719,26.935286209505666,30.10424848781029
0.32,18.53437626976945,25.92474637236138,34.05387795655324
0.33,19.164467945471127,24.131940986264894,37.844151282170216
0.34,19.5306737132615,21.66440836984458,41.23474874863378
0.35000000000000003,19.593583655417245,18.665361900101107,44.03260540243178
0.36,19.336528547071488,15.279504776171787,46.111306236866184
0.37,18.765579856213794,11.653030019330528,47.41108619205318
0.38,17.906416461892228,7.949043885296407,47.935003406767294
0.39,16.786029721689616,4.432841317945006,47.73470925559853
0.4,15.455464563356653,1.2752485913562275,46.9318216713504
0.41000000000000003,13.97190007003153,-1.4270824281116052,45.673009706853456
0.42,12.394613880081579,-3.6349455467435465,44.123474040849
0.43,10.78180475862985,-5.364097120289228,42.44559173107684
0.44,9.179210144868389,-6.662696083145407,40.735227757342514
0.45,7.62404715280324,-7.589904705538311,39.06956917021639
0.46,6.144058758584391,-8.212449500199636,37.50239376185256
0.47000000000000003,4.757517725438377,-8.603894085526035,36.063481600336196
0.48,3.475166819931612,-8.822617413643028,34.76258255172878
0.49,2.3000952694875325,-8.91254012537824,33.59638502448693
0.5,1.2319829488827776,-8.91266199127941,32.557546114329675
0.51,0.26824113711980146,-8.854450238257005,31.63626369382575
0.52,-0.5959874825731202,-8.7618395495842,30.820276412393575
0.53,-1.367844006085339,-8.651438846009272,30.095041112260574
0.54,-2.0560203615793533,-8.536509839812355,29.44870974646039
0.55,-2.6680796372829727,-8.425073682065785,28.87176311956491
0.56,-3.2113215099322905,-8.322741309794562,28.355286588372536
0.5700000000000001,-3.693087083635389,-8.234081766709451,27.891574253540924
0.58,-4.120758889872331,-8.16262220320699,27.474128959586988
0.59,-4.501760887495184,-8.110847876369485,27.097662294886874
0.6,-4.84353963907047,-8.080039102397397,26.75794679826506
0.61,-5.152150400716462,-8.069259098754186,26.45132165258974
0.62,-5.431523857971619,-8.077704785774698,26.176124242240522
0.63,-5.685406556601659,-8.10462954917792,25.931010170496076
0.64,-5.917519755248128,-8.14914244836881,25.71466017769033
0.65,-6.131559425428396,-8.210208216438271,25.525780141212497
0.66,-6.3311962515356655,-8.28664726016318,25.363101075507057
0.67,-6.520075630838966,-8.37713566000636,25.22537913207375
0.68,-6.701575294312203,-8.480143320246158,25.111570851296563
0.6900000000000001,-6.876928610780932,-8.593819269829897,25.022173712136382
0.7000000000000001,-7.046989834191991,-8.71663642951526,24.957786473565164
0.71,-7.212660419936697,-8.846991693357236,24.918690633761297
0.72,-7.374772419491667,-8.983138819508506,24.904930636775383
0.73,-7.534088480418816,-9.123188430219457,24.9163138725302
0.74,-7.691301846365356,-9.265108011838171,24.95241067682072
0.75,-7.847036357063795,-9.406721914810433,25.012554331314114
0.76,-8.001844323962944,-9.54571676191439,25.095842225859737
0.77,-8.155694884821212,-9.680263769066594,25.20149794921762
0.78,-8.307712971872663,-9.808292229849087,25.329158377687175
0.79,-8.457003608967467,-9.92742647213678,25.478140373719505
0.8,-8.602662848295003,-10.03544328664314,25.647371838824764
0.81,-8.743777770383844,-10.130271926920184,25.83539171357214
0.8200000000000001,-8.879426484101758,-10.209994109358481,26.04034997758988
0.8300000000000001,-9.008678126655722,-10.27284401318716,26.260007649565267
0.84,-9.1305928635919,-10.317208280473901,26.491736787244637
0.85,-9.244221888795664,-10.341626016124936,26.732520487433366
0.86,-9.348607424491583,-10.34478878788505,26.97895288599588
0.87,-9.442887185420354,-10.325460342883092,27.227794110165284
0.88,-9.526050368067523,-10.283105224892239,27.476603414362128
0.89,-9.59658071377333,-10.21836327077776,27.72146039942195
0.9,-9.653213113344915,-10.132117240513855,27.958632293033816
0.91,-9.694970113889312,-10.025451754981736,28.184693820156475
0.92,-9.721161918813461,-9.899653295969626,28.39652720301837
0.93,-9.7313863878242,-9.756210206172753,28.59132216111761
0.9400000000000001,-9.725529036928265,-9.596812689193353,28.766575911222006
0.9500000000000001,-9.703763038432298,-9.423352809540676,28.920093167369046
0.96,-9.666549220942837,-9.237924492630974,29.049986140865904
0.97,-9.614636069366323,-9.042823524787512,29.154674540289438
0.98,-9.549059724909092,-8.840547553240558,29.232885571486193
0.99,-9.471134921380637,-8.633805671509238,29.283662431547814
1.0,-9.38131376760589,-8.426557595306654,29.307385238135506
1.01,-9.280391290378784,-8.222105896103217,29.30445282811509
1.02,-9.169906709391583,-8.022731433391684,29.27491594204108
1.03,-9.051397674051788,-7.83054948282449,29.21919466548299
1.04,-8.926400263482131,-7.647509736213747,29.138078429025345
1.05,-8.796448986520573,-7.4753963015312435,29.032726008267673
1.06,-8.663076781720308,-7.315827702908444,28.904665523824512
1.07,-8.527815017349763,-7.170256880636489,28.755794441325406
1.08,-8.392193491392591,-7.039971191166199,28.588379571414904
1.09,-8.257740431547681,-6.926092407108066,28.405057069752566
1.1,-8.125982495229152,-6.829576717232264,28.20883243701295
1.11,-7.998444769566356,-6.751214726468639,28.00308051888564
1.12,-7.876644125271853,-6.691540122492802,27.79144838849668
1.1300000000000001,-7.761763678590703,-6.648585454956821,27.574789955085812
1.1400000000000001,-7.654639805122186,-6.621719401495639,27.3540000963794
1.1500000000000001,-7.556050937183575,-6.611254987529634,27.130896097745023
1.16,-7.466696497270082,-6.6173105245367605,26.907262394065445
1.17,-7.38719689805485,-6.639809610052554,26.6848505697386
1.18,-7.318093542388967,-6.6784811276701275,26.465379358677637
1.19,-7.259848823301453,-6.7328592470401745,26.25053464431088
1.2,-7.212846123999268,-6.802283423870965,26.041969459581836
1.21,-7.177389817867307,-6.885898399928349,25.84130398694921
1.22,-7.153705268468405,-6.982654203035758,25.65012555838689
1.23,-7.141938829543333,-7.0913061470741985,25.469988655383947
1.24,-7.142157845010797,-7.210414831982257,25.302414908944648
1.25,-7.154350648967444,-7.338346143756102,25.148893099588445
1.26,-7.178133610812979,-7.47382169696652,25.010519460482023
1.27,-7.212318140891522,-7.617741200707347,24.887315428826167
1.28,-7.256935504560315,-7.769643062857527,24.78063930251447
1.29,-7.312021230646065,-7.92873504863734,24.69185451266066
1.3,-7.377469012557173,-8.094104198037778,24.622159046238362
1.31,-7.453030708283737,-8.264716825820537,24.572585446081067
1.32,-7.538316340397546,-8.439418521518018,24.54400081088217
1.33,-7.632794096052086,-8.616934149433332,24.537106795194944
1.34,-7.735790326982536,-8.795867848640293,24.552439609432547
1.35,-7.84648954950577,-8.974703032983424,24.590370019868026
1.36,-7.963934444520355,-9.151802391077952,24.651103348634315
1.37,-8.087025857506553,-9.325407886309813,24.734679473724235
1.3800000000000001,-8.214522798526325,-9.49364075683565,24.840972828990484
1.3900000000000001,-8.345042442223317,-9.654501515582808,24.969692404145665
1.4000000000000001,-8.477254107221537,-9.806086665004738,25.120361913139007
1.41,-8.61085441093444,-9.947308893397915,25.29205054074271
1.42,-8.74453851336491,-10.075534017150941,25.483432189986175
1.43,-8.876789810564974,-10.188145930074473,25.69292316738101
1.44,-9.006114099157418,-10.282861497945142,25.918678014242012
1.45,-9.131039576335791,-10.357730558505551,26.15858950668716
1.46,-9.2501168398644,-10.411135921464282,26.410288655637622
1.47,-9.361918888078316,-10.441793368495892,26.671144706817742
1.48,-9.465041119883363,-10.448751653240905,26.93826514075505
1.49,-9.55810133475613,-10.431392501305826,27.208495672780263
1.5,-9.639739732743962,-10.38943061026313,27.47842025302728
1.51,-9.708618914464969,-10.322913649651271,27.744361066433175
1.52,-9.763423881108018,-10.23222226097467,28.00237853273822
1.53,-9.802884484235063,-10.118014387429303,28.24829215642569
1.54,-9.826529351002064,-9.980370586402243,28.47852007813733
1.55,-9.83408874248535,-9.821945661325849,28.689954298381334
1.56,-9.825299088430583,-9.646219388951739,28.879735877675106
1.57,-9.80013459689068,-9.456505660792022,29.045437754855392
1.58,-9.758807254225811,-9.255952483119291,29.185064747078307
1.59,-9.701766825103391,-9.047541976966635,29.297053549819296
1.6,-9.62970085249809,-8.834090378127623,29.380272736873174
1.61,-9.543534657691831,-8.61824803715632,29.434022760354097
1.62,-9.444431340273786,-8.402499419367278,29.458035950695578
1.6300000000000001,-9.333791778140379,-8.189163104835536,29.452476516650478
1.6400000000000001,-9.213254627495283,-7.980391788396625,29.41794054529101
1.6500000000000001,-9.084696322849428,-7.778172279646563,29.35545600200874
1.6600000000000001,-8.95023107702099,-7.584325502941857,29.26648273051459
1.67,-8.81131798449083,-7.401577758474212,29.15352228495711
1.68,-8.668978429548764,-7.232839225795184,29.0188860093927
1.69,-8.52496908143447,-7.07963143196617,28.864037313329906
1.7,-8.380959973857033,-6.943194737554885,28.690633990184086
1.71,-8.238533282976217,-6.824489913952047,28.500529400254116
1.72,-8.099183327402473,-6.7241981433713915,28.295772470722376
1.73,-7.9643165681969235,-6.642721018849658,28.078607695654764
1.74,-7.835251608871378,-6.580180544246598,27.85147513600069
1.75,-7.713219195388325,-6.536419134244975,27.617010419593072
1.76,-7.599362216160929,-6.510999614350559,27.378044741148344
1.77,-7.494735702053042,-6.503205220892132,27.137604862266453
1.78,-7.4003068263791905,-6.512039601021484,26.89891311143085
1.79,-7.316775216979428,-6.536394747745332,26.664406794940543
1.8,-7.244198591018445,-6.575940857686432,26.433454461469793
1.81,-7.182978938624805,-6.63040029868283,26.207542045589555
1.82,-7.133477665468936,-6.699382601503793,25.988331685541034
1.83,-7.095968898824664,-6.782405797689706,25.777414964130504
1.84,-7.070639487569214,-6.878896419552063,25.57631290872932
1.85,-7.057589002183214,-6.988189500173476,25.386475991273933
1.86,-7.0568297347506865,-7.109528573407667,25.209284128265868
1.87,-7.068286698959058,-7.242065673879473,25.046046680771724
1.8800000000000001,-7.091797630099152,-7.384861336984848,24.8980024544232
1.8900000000000001,-7.127112985065192,-7.536884598890853,24.766319699417064
1.9000000000000001,-7.173895942354802,-7.697012996535669,24.65209611051517
1.9100000000000001,-7.231656620508916,-7.864099258286418,24.556279666690216
1.92,-7.299284047146159,-8.03777395995884,24.479098488684706
1.93,-7.376605767856788,-8.217178593129763,24.42188923821771
1.94,-7.46358704117006,-8.401113623185436,24.38610090685166
1.95,-7.560020770432664,-8.588268936015615,24.372920115518166
1.96,-7.66552750380871,-8.777223838013555,24.383271114518
1.97,-7.779555434279735,-8.966447056076017,24.417815783521103
1.98,-7.901380399644697,-9.154296737603266,24.476953631566595
1.99,-8.030105882519983,-9.339020450499069,24.56082179706276
2.0,-8.1646630103394,-9.518755183170693,24.669295047787063
2.0100000000000002,-8.303810555354188,-9.691527344528918,24.80198578088612
2.02,-8.446134934632992,-9.855252763988009,24.958244022875732
2.0300000000000002,-8.59005021006191,-10.007736691465759,25.137157429640876
2.04,-8.733798088344438,-10.146673797383439,25.337551286435673
2.05,-8.875447921001511,-10.26964817266584,25.557988507883444
2.06,-9.01363051203058,-10.374479735675942,25.79699080147704
2.07,-9.1481709247107,-10.45956561699743,26.052559321752454
2.08,-9.277083324574818,-10.522701073093133,26.321340295776977
2.09,-9.39843045260377,-10.562062986666517,26.599898833490048
2.1,-9.510442916501981,-10.57626765507224,26.884774603123272
2.11,-9.611519190697418,-10.56437079031614,27.17248183120033
2.12,-9.700225616341637,-10.525867519055245,27.459509302537057
2.13,-9.775296401309742,-10.460692382597767,27.742320360241383
2.14,-9.835633620200422,-10.369219336903098,28.017352905713384
2.15,-9.880307214335916,-10.252261752581832,28.28101939864522
2.16,-9.908554991762042,-10.111072414895725,28.52970685702122
2.17,-9.919782627248178,-9.947343523757743,28.759776857117775
2.18,-9.91356366228727,-9.763206693732013,28.967565533503446
2.19,-9.889501769093796,-9.561328515814862,29.149601546761353
2.2,-9.847751395822696,-9.345342176905103,29.303525650767103
2.21,-9.789035643600215,-9.119041370820067,29.427664356759724
2.22,-9.714230896434831,-8.886028320809467,29.520795091851266
2.23,-9.624366037865983,-8.649713545689242,29.582146188334317
2.24,-9.520622450964044,-8.413315859841477,29.611396883682033
2.25,-9.404334018330355,-8.179862373214494,29.608677320548114
2.2600000000000002,-9.276987122097184,-7.952188491322762,29.57456854676683
2.27,-9.140220643927773,-7.732937915246982,29.510102515352994
2.2800000000000002,-8.995825965016287,-7.524562641634004,29.416762084501975
2.29,-8.84574696608787,-7.329322962696912,29.296481017589713
2.3000000000000003,-8.692080027398582,-7.149287466214938,29.151643983172672
2.31,-8.537057534647829,-6.986299106172699,28.98509369776405
2.32,-8.382407982683047,-6.840972277743428,28.799939282987854
2.33,-8.229656482242067,-6.714013712404498,28.598445341766507
2.34,-8.08037358207225,-6.606279081731781,28.382698156216048
2.35,-7.936019244030078,-6.518343957318638,28.154843797657772
2.36,-7.797942843081198,-6.450503810775956,27.917088126618307
2.37,-7.667383167300373,-6.40277401373211,27.671696792829543
2.38,-7.545468417871533,-6.374889837832997,27.4209952352287
2.39,-7.43321620908773,-6.366306454742012,27.167368681958255
2.4,-7.331533568351175,-6.376198936140062,26.913262150366027
2.41,-7.241216936173206,-6.403462253725561,26.661180447005087
2.42,-7.162952166174316,-6.4467112792144246,26.41368816763384
2.43,-7.097295833847792,-6.504319607978539,26.173352584600106
2.44,-7.044070804159609,-6.576073666929217,25.940668966839002
2.45,-7.003300393051471,-6.662024145930984,25.71644509317392
2.46,-6.975222845805145,-6.761677812472087,25.502266495423644
2.47,-6.9599848299884615,-6.874467927588913,25.29965255390284
2.48,-6.957641435455327,-6.999754245865965,25.110056497422143
2.49,-6.968156174345713,-7.136823015435891,24.934865403288093
2.5,-6.991400981085666,-7.28488697797945,24.775400197303185
2.5100000000000002,-7.0271562123873,-7.443085368725549,24.632915653765824
2.52,-7.0751106472488,-7.610483916451203,24.50860039547037
2.5300000000000002,-7.134861486954423,-7.7860748434815825,24.40357689370709
2.54,-7.205914355074492,-7.968776865689955,24.3189014682622
2.5500000000000003,-7.287668671243759,-8.157450959358474,24.255537203085108
2.56,-7.379049834017692,-8.351447255220842,24.213572409055146
2.57,-7.479667969803979,-8.549585537179583,24.194141540979487
2.58,-7.589348837660536,-8.750246060707491,24.19873465287498
2.59,-7.707733873785773,-8.951721665754745,24.22849943231337
2.6,-7.834280191518635,-9.152217776748978,24.284241200421317
2.61,-7.968260581338558,-9.349852402595205,24.366422911880374
2.62,-8.108763510865508,-9.542656136675895,24.475165154927005
2.63,-8.254693124859939,-9.728572156850896,24.61024615135257
2.64,-8.404769245222848,-9.90545622545751,24.771101756503338
2.65,-8.557527370995713,-10.071076689310418,24.95682545928047
2.66,-8.711318678360547,-10.223114479701758,25.16616838214005
2.67,-8.864310020639852,-10.359163112401049,25.39753928109304
2.68,-9.014483928296668,-10.476728687655253,25.649004545705328
2.69,-9.159638608934522,-10.573229890188735,25.918288199097674
2.7,-9.298239306251741,-10.64619922013381,26.2031950916754
2.71,-9.430045884898647,-10.693932174385955,26.50109363994573
2.72,-9.55281166427376,-10.714967613003129,26.807450245213865
2.73,-9.664425408557802,-10.708269371738037,27.11780016186373
2.74,-9.763036887554977,-10.673245783311891,27.427832974040353
2.75,-9.84705687669292,-10.609749677414403,27.733392595649743
2.7600000000000002,-9.915157157022737,-10.518078380703773,28.030477270359015
2.77,-9.96627051521898,-10.398973716806719,28.315239571596265
2.7800000000000002,-9.999590743579663,-10.253622006318434,28.583986402550693
2.79,-10.014572640026248,-10.083654066802637,28.83317899617249
2.8000000000000003,-10.010932008103659,-9.891145212791523,29.059432915172934
2.81,-9.988645656980271,-9.678615255785807,29.259518052024305
2.82,-9.947930843279767,-9.449053010122391,29.43035851500438
2.83,-9.888574393897418,-9.206952161633943,29.569320378652858
2.84,-9.811308887266897,-8.956767333861771,29.674886934266276
2.85,-9.717471133898545,-8.702299586003189,29.74615647523638
2.86,-9.608497130652255,-8.447135732964016,29.782716712465845
2.87,-9.485922060737416,-8.19464834535849,29.784644774368292
2.88,-9.351380293712962,-7.9479957495093485,29.752507206868287
2.89,-9.20660538548733,-7.710122027447751,29.68735997340133
2.9,-9.053430078318502,-7.483757016913355,29.590748454913875
2.91,-8.893786300813963,-7.27141631135424,29.464707449863305
2.92,-8.729705167930739,-7.075401259926982,29.311761174217963
2.93,-8.563316980975356,-6.897798967496588,29.134923261457107
2.94,-8.396851227603895,-6.740482294636548,28.93769676257097
2.95,-8.232526346347523,-6.604203509841296,28.723638253728478
2.96,-8.072038258909568,-6.487871411895174,28.494923538475074
2.97,-7.91687839480556,-6.39208253505279,28.253805606376186
2.98,-7.768428560604518,-6.317266815222419,28.002571721448614
2.99,-7.62795629553663,-6.263581566638096,27.743514009158403
3.0,-7.496614871493303,-6.230911481859636,27.478929456420936
3.0100000000000002,-7.3754432930271125,-6.218868631772621,27.21111991160084
3.02,-7.265366297351848,-6.226792465588413,26.94239208451208
3.0300000000000002,-7.167194354342474,-6.25374981084414,26.675057546417868
3.04,-7.081623666535162,-6.298534873402707,26.41143273003075
3.0500000000000003,-7.009236169127265,-6.359669237452793,26.153838929512517
3.06,-6.95049952997734,-6.435401865508843,25.90460230047431
3.0700000000000003,-6.905552619764172,-6.524247990613051,25.66558941829946
3.08,-6.873797993934498,-6.626956697281219,25.436929539513812
3.09,-6.855366742817287,-6.743226135015596,25.220020301835536
3.1,-6.850387651917834,-6.8724922476282515,25.016384133776945
3.11,-6.858890878916128,-7.0141154707015225,24.827482873611984
3.12,-6.880807953666853,-7.167380731588056,24.654717769376173
3.13,-6.915971778199385,-7.33149744941076,24.499429478866677
3.14,-6.964116626717801,-7.505599535062852,24.36289806964224
3.15,-7.024878145600864,-7.688745391207808,24.246343019023247
3.16,-7.097793353402043,-7.879917912279421,24.150923214091662
3.17,-7.182300640849487,-8.078024484481736,24.07773695169109
3.18,-7.277739770846057,-8.281896985789116,24.027821938426726
3.19,-7.383222381176169,-8.49044247292684,24.00187528063074
3.2,-7.4973541610997545,-8.703111465306588,23.99934531766362
3.21,-7.619928218562994,-8.917976877894338,24.021820021327418
3.22,-7.750746447761303,-9.132838617187737,24.07088752947746
3.23,-7.889392282275038,-9.345466178367056,24.14768304992187
3.24,-8.03523069506954,-9.553598645295274,24.252888860421546
3.25,-8.18740819849509,-9.754944690517997,24.38673430869016
3.2600000000000002,-8.34485284428696,-9.947182575263534,24.548995812394175
3.27,-8.506274223565352,-10.12796014944283,24.738996859152813
3.2800000000000002,-8.670163466835465,-10.294894851649524,24.955608006538114
3.29,-8.834793243987429,-10.445573709159895,25.19724688207485
3.3000000000000003,-8.998217764296363,-10.577553337932915,25.461878183240618
3.31,-9.15827277642233,-10.688359942610198,25.747013677465752
3.3200000000000003,-9.312575568410372,-10.77548931651605,26.049712202133414
3.33,-9.458524967690474,-10.836406841657418,26.36657966457949
3.34,-9.593301341077604,-10.868547488723937,26.69376904209269
3.35,-9.71541059508671,-10.86919969467153,27.027821010402604
3.36,-9.825246688710829,-10.837347956772907,27.36501843233072
3.37,-9.92052448593431,-10.773945259300545,27.699432414894602
3.38,-9.999245275295312,-10.68020822066683,28.025550685373492
3.39,-10.059801398028895,-10.557584747664839,28.3383496931354
3.4,-10.10097624806699,-10.407754035468374,28.63329460963698
3.41,-10.121944272038427,-10.232626567631916,28.906339328423662
3.42,-10.12227096926891,-10.03434411609068,29.153926465129523
3.43,-10.101912891781042,-9.815279741160545,29.3729873574774
3.44,-10.0612176442943,-9.578037791538137,29.560942065278795
3.45,-10.000923884225053,-9.325453904300744,29.715699370433963
3.46,-9.922161321686556,-9.060595004906402,29.835656776931827
3.47,-9.826407850195974,-8.786836632285755,29.91970579975889
3.48,-9.71382362627137,-8.510854890385648,29.96738853158081
3.49,-9.585638451321778,-8.237814885220832,29.978506680351938
3.5,-9.444007366728508,-7.970993365260141,29.95324555289295
3.5100000000000002,-9.291070337179912,-7.713412470960403,29.89231300934316
3.52,-9.128952250671437,-7.467839734766521,29.796939463160523
3.5300000000000002,-8.959762918505568,-7.23678808111139,29.668877881121645
3.54,-8.785597075291887,-7.022515826415985,29.510403783321784
3.5500000000000003,-8.608534378947015,-6.827026679089272,29.324315243174816
3.56,-8.43063941069467,-6.65206973952829,29.1139328874133
3.5700000000000003,-8.25396167506561,-6.49913950011808,28.8830998960884
3.58,-8.080535599897686,-6.369475845231747,28.636182002569964
3.59,-7.9123805363357995,-6.2640640512304095,28.378067493546453
3.6,-7.751502643654456,-6.182001834502413,28.11211302007682
3.61,-7.59940075830373,-6.120768033910572,27.83840310627403
3.62,-7.457118633989034,-6.080523246936353,27.55920802272726
3.63,-7.325599364446789,-6.061273118127006,27.276798869095675
3.64,-7.205689252212458,-6.062804972066947,26.993383185059173
3.65,-7.098137808620595,-6.08468781337777,26.711104950318497
3.66,-7.003597753804804,-6.126272326718243,26.432044584595108
3.67,-6.922625016697773,-6.1866908767843025,26.158218947631312
3.68,-6.855678735031243,-6.264857508309067,25.891581339190147
3.69,-6.803121255336038,-6.359467946062817,25.63402149905549
3.7,-6.765218132942037,-6.468999594853023,25.38736560703194
3.71,-6.742138131978198,-6.591711539524308,25.153376282944944
3.72,-6.733943507911022,-6.725662540981123,24.93374422411111
3.73,-6.73963576185577,-6.871031831185776,24.729207455992764
3.74,-6.75873231421247,-7.02846067726233,24.540779103628655
3.75,-6.791391958106052,-7.197391986955075,24.370019142843642
3.7600000000000002,-6.83763820720787,-7.3771460063950975,24.218406251866607
3.77,-6.897359295735683,-7.566920320100223,24.087337811330496
3.7800000000000002,-6.970308178453676,-7.765789850975083,23.978129904272283
3.79,-7.0561025306724385,-7.97270686031104,23.892017316133018
3.8000000000000003,-7.154224748248989,-8.186500947786266,23.83015353475777
3.81,-7.264021947586743,-8.405879051465662,23.79361075039568
3.8200000000000003,-7.384705965635552,-8.629425447800944,23.783379855699916
3.83,-7.515353359891662,-8.855601751630552,23.800370445727715
3.84,-7.654905408397751,-9.082746916179728,23.845410817940344
3.85,-7.802168113278644,-9.309077261463548,23.91924794878486
3.86,-7.9561018736215825,-9.533808888913782,24.021461420971473
3.87,-8.115942966241725,-9.754733241497858,24.151924825909358
3.88,-8.280699018269985,-9.968054511321304,24.311312352096405
3.89,-8.44922361449839,-10.170214716702311,24.499736738633786
3.9,-8.620216297380026,-10.357893702171667,24.7167492752259
3.91,-8.792222567029098,-10.528009138472813,24.96133980218045
3.92,-8.963633881220868,-10.677716522561795,25.231936710408345
3.93,-9.132687655391718,-10.80440917760731,25.526406941423808
3.94,-9.297467262639083,-10.90571825299066,25.842055987344267
3.95,-9.455902033721518,-10.979512724305792,26.175627890890468
3.96,-9.605767257058636,-11.023899393359269,26.523305245386354
3.97,-9.744684178731166,-11.03722288817029,26.880709194759184
3.98,-9.8701200024809,-11.018065662970674,27.242899433539428
3.99,-9.979387889710738,-10.965247998204873,27.604374206860864
4.0,-10.069832955684593,-10.877468720001918,27.959218897834525
4.01,-10.141393631407771,-10.751072249893863,28.3030060553648
4.0200000000000005,-10.193183570552298,-10.589984038564095,28.6302695459443
4.03,-10.22398661545133,-10.399785894627938,28.935604751606167
4.04,-10.232992494171436,-10.185600328766325,29.214326266125056
4.05,-10.219796820512576,-9.952090553725863,29.462467895017024
4.0600000000000005,-10.184401094008102,-9.703460484318784,29.67678265553958
4.07,-10.127212699924778,-9.443454737423044,29.8547427766916
4.08,-10.049044909262754,-9.17535863198219,29.994539699213462
4.09,-9.951116878755583,-8.901998189005441,30.09508407558694
4.1,-9.835053650870211,-8.625740131567674,30.156005770035243
4.11,-9.702886153806974,-8.348491884809395,30.177653858523012
4.12,-9.55705120149964,-8.071701575936837,30.161096628756315
4.13,-9.400391493615338,-7.796358034221816,30.108121580182654
4.14,-9.234526505773111,-7.5272318341084095,30.020912654772545
4.15,-9.059575110940155,-7.273559208707296,29.900946404351316
4.16,-8.878077744577661,-7.037949006794932,29.7498514443889
4.17,-8.692505327286522,-6.822466317674885,29.569623607694894
4.18,-8.505205602340292,-6.628769702325494,29.362622486508698
4.19,-8.31840313568516,-6.458111193399832,29.131571432499484
4.2,-8.134199315940018,-6.311336295225763,28.87955755676626
4.21,-7.954572354396353,-6.188883983805848,28.61003172983777
4.22,-7.781377285018321,-6.090786706817416,28.326808581672562
4.23,-7.616345964442711,-6.016670383612533,28.03406650165894
4.24,-7.461087071979009,-5.965754405218035,27.73634763861508
4.25,-7.317078613211444,-5.936848349470977,27.438450225353474
4.26,-7.185261064012002,-5.928568674396864,27.140706760209422
4.2700000000000005,-7.066236591983204,-5.9402647576513,26.843516652328272
4.28,-6.960600341466234,-5.971413171702067,26.54899071441512
4.29,-6.868855468820037,-6.021409462577798,26.259145316065315
4.3,-6.791413142421356,-6.089568149867972,25.975902383764577
4.3100000000000005,-6.728592542664721,-6.175122726722927,25.701089400888936
4.32,-6.680620861962469,-6.2772256598538245,25.43643940770482
4.33,-6.6476333047447085,-6.394948389532694,25.18359100136894
4.34,-6.629673087459348,-6.5272813295924115,24.944088335928345
4.3500000000000005,-6.626691438572083,-6.673133867426707,24.719381122320424
4.36,-6.638547598566402,-6.831334363990127,24.510824628372948
4.37,-6.664730582974609,-7.000794646815747,24.31956775321592
4.38,-6.703785931100559,-7.181467134362615,24.146476392678167
4.39,-6.7559772821509645,-7.372985773449372,23.99327971361358
4.4,-6.821635930563223,-7.574710453350232,23.861693121585564
4.41,-6.900890954867884,-7.785823152901683,23.7532947009376
4.42,-6.993669217688678,-8.005327940502593,23.66952521479318
4.43,-7.099695365742498,-8.232050974114138,23.61168810505583
4.44,-7.2184918298394125,-8.46464050125984,23.580949492409136
4.45,-7.349378824882624,-8.701566859025489,23.57833817631672
4.46,-7.491474349868534,-8.94112247405926,23.604745635022237
4.47,-7.643694187886697,-9.181421862571634,23.660926025549387
4.48,-7.804751906119851,-9.42040163033544,23.74749618370192
4.49,-7.973158855843854,-9.655820472685775,23.864935624063595
4.5,-8.147224172427775,-9.885259174520117,24.013586539998247
4.51,-8.325054775333832,-10.106120610298255,24.19365380364973
4.5200000000000005,-8.505033925618203,-10.315939853943346,24.404973763530574
4.53,-8.687185846837295,-10.512431724048179,24.646014664958344
4.54,-8.869745190176948,-10.69127840828509,24.91526124251489
4.55,-9.050670121572159,-10.848414573740833,25.21079704597541
4.5600000000000005,-9.227897380739343,-10.980262285703558,25.530201940735495
4.57,-9.399342281176267,-11.08373100766277,25.87055210781099
4.58,-9.562898710162143,-11.156217601309397,26.2284200438382
4.59,-9.716439128757573,-11.195606326535742,26.599874561073744
4.6000000000000005,-9.85781457180456,-11.20026884143549,26.980480787394647
4.61,-9.98485464792648,-11.169064202303716,27.36530016629818
4.62,-10.09536753952814,-11.101338863636885,27.74889045690208
4.63,-10.187140002795736,-10.996926678132846,28.125305733944394
4.64,-10.257968236188098,-10.856048922209196,28.488115920609356
4.65,-10.306820707996128,-10.677508487301441,28.83135568494349
4.66,-10.332897433942437,-10.465331777878957,29.149679061154906
4.67,-10.335410247050625,-10.225337250371501,29.438252868132867
4.68,-10.313995370321358,-9.962963629637962,29.69297420422587
4.69,-10.268713416732359,-9.683269908966311,29.91047044724168
4.7,-10.200049389238432,-9.390935350073713,30.088099254447258
4.71,-10.108912680771432,-9.090259483106369,30.223948562568896
4.72,-9.996637074240287,-8.785162106639616,30.31683658779211
4.73,-9.864980742530975,-8.47918328767788,30.366311825761677
4.74,-9.716126248506574,-8.175483361654784,30.37265305158163
4.75,-9.5526805450072,-7.876842932432975,30.336869319815257
4.76,-9.377674974850038,-7.585662872304246,30.26069996448511
4.7700000000000005,-9.193406759877801,-7.306292131668238,30.14722895497766
4.78,-9.000964047677769,-7.04540085374036,29.99995348694428
4.79,-8.803095496193,-6.805506967494452,29.821039585095797
4.8,-8.602440235740609,-6.588571166109727,29.612942775006612
4.8100000000000005,-8.401482587887738,-6.396089932452325,29.378440706602056
4.82,-8.202552065451627,-6.229095539075384,29.12063315415846
4.83,-8.007823372499509,-6.0881560482189325,28.842942016303052
4.84,-7.819316404348674,-5.973375311809962,28.549111316014013
4.8500000000000005,-7.6388962475664455,-5.884392971462406,28.24320720062045
4.86,-7.468273179970236,-5.82038445847716,27.92961794180251
4.87,-7.309002670627455,-5.780060993842045,27.61305393559119
4.88,-7.162421249651908,-5.761779387514688,27.29765917393141
4.89,-7.02922881339459,-5.764635854550321,26.982637978073367
4.9,-6.910014624677391,-5.788024138988638,26.66956509383399
4.91,-6.80530808524922,-5.8312525909982575,26.36054510125248
4.92,-6.715545032520887,-5.893574251347833,26.05758150069862
4.93,-6.641067739565144,-5.97418685140605,25.762576712872892
4.94,-6.5821249151166725,-6.0722328131416345,25.477332078806437
4.95,-6.5388717035721005,-6.186799249123316,25.20354785986114
4.96,-6.511369684989974,-6.316917962519884,24.942823237729485
4.97,-6.4995868750907775,-6.461565447100149,24.696656314434662
4.98,-6.503397725256926,-6.619662887232968,24.46644411233051
4.99,-6.522530331122725,-6.7900957986938035,24.253466301043225
5.0,-6.555416300182184,-6.972480444316125,24.058641471368826
5.01,-6.601910258808457,-7.166639935455161,23.883557948096556
5.0200000000000005,-6.662485563058086,-7.372054928493657,23.72999148485628
5.03,-6.737403234439755,-7.588022312716079,23.599603952663458
5.04,-6.826711959914317,-7.8136552103087205,23.493943339919042
5.05,-6.930248091894778,-8.047882976359631,23.414443752409564
5.0600000000000005,-7.047635648246308,-8.289451198858663,23.362425413307086
5.07,-7.178286312286204,-8.536921698697371,23.339094663169238
5.08,-7.321399432783949,-8.788672529669157,23.345543959939185
5.09,-7.475962023961168,-9.042897978469167,23.382751878945637
5.1000000000000005,-7.640748765491664,-9.297608564694354,23.45158311290287
5.11,-7.814322002501346,-9.550631040843376,23.552788471910684
5.12,-7.9950317455683235,-9.799608392316728,23.687004883454442
5.13,-8.18101567072285,-10.041999837416665,23.85475539240505
5.14,-8.370240591671221,-10.275108648789262,24.05642465780316
5.15,-8.562460154682691,-10.4968081556086,24.290958560471893
5.16,-8.756680554794247,-10.70294556576628,24.55693483253706
5.17,-8.950832424316388,-10.888843545067772,24.852885453819113
5.18,-9.142791724880947,-11.050320085484007,25.176744597249243
5.19,-9.330379747441114,-11.183688505151409,25.52584862886943
5.2,-9.51136311227138,-11.285757448371847,25.896936107832317
5.21,-9.683453768967633,-11.353830885612707,26.286147786401415
5.22,-9.844308996447088,-11.385708113506846,26.689026609950943
5.23,-9.991531402948317,-11.379683754852595,27.100517716965935
5.24,-10.122668926031205,-11.334547758613773,27.514968439042065
5.25,-10.235214832577018,-11.249585399919678,27.926128300885875
5.26,-10.32660771878836,-11.124577280065088,28.32714902031464
5.2700000000000005,-10.395036880584009,-10.958000004824669,28.71117831148555
5.28,-10.439730060320747,-10.751415911837768,29.072129634170906
5.29,-10.459470640908393,-10.511375190191767,29.404126539089933
5.3,-10.453518020216485,-10.24401941418768,29.702116016397532
5.3100000000000005,-10.421619126352711,-9.955037679510644,29.961876061255275
5.32,-10.364008417662907,-9.64966660323002,30.180015673831328
5.33,-10.281407882731056,-9.332690323799243,30.35397485930059
5.34,-10.175027040379284,-9.00844050105591,30.482024627844595
5.3500000000000005,-10.046562939667854,-8.680796316221747,30.563266994651535
5.36,-9.898200159895213,-8.353184471902706,30.597634979916258
5.37,-9.732610810597915,-8.028579192088806,30.585892608840282
5.38,-9.552954531550677,-7.7095022221542315,30.529634911631778
5.39,-9.362157639192102,-7.3996307579876,30.431595765694823
5.4,-9.160974684006774,-7.1077828564105365,30.295554615611138
5.41,-8.95224746605497,-6.837457844994468,30.123858214472698
5.42,-8.7389290066432,-6.59100500107731,29.91906441938027
5.43,-8.523801571938602,-6.370252998221213,29.6841083046479
5.44,-8.309476672968897,-6.17650990621253,29.42230216180287
5.45,-8.098395065622475,-6.010563191061875,29.137335499585813
5.46,-7.89282675064827,-5.872679715004022,28.83327504395055
5.47,-7.69487097365585,-5.762605736497978,28.514564738064205
5.48,-7.50645622511537,-5.679566910226956,28.18602574230713
5.49,-7.32934024035764,-5.6222682870984055,27.852856434273036
5.5,-7.165068415378808,-5.588964808522451,27.519796542522666
5.51,-7.014573812884812,-5.57846364084354,27.186042777836523
5.5200000000000005,-6.878530075603991,-5.590027484633172,26.853145994629475
5.53,-6.757532242468573,-5.622860721630962,26.523348153465033
5.54,-6.652076622919733,-5.676117179451667,26.198773520171844
5.55,-6.5625607969076425,-5.748900131585183,25.88142866584381
5.5600000000000005,-6.489283614891448,-5.840262297396545,25.573202466840026
5.57,-6.432445197839302,-5.949205842125905,25.275866104784903
5.58,-6.392146937228315,-6.074682376888575,24.99107306656798
5.59,-6.36839149504459,-6.215592958674992,24.720359144344066
5.6000000000000005,-6.361082803783214,-6.370788090350748,24.465142435533156
5.61,-6.369895670053458,-6.539141418374687,24.22670551805087
5.62,-6.393359584442305,-6.720557614454214,24.006227119359707
5.63,-6.431563356783031,-6.9148734707759765,23.805345964270963
5.64,-6.484896634996007,-7.1216007038556075,23.625740010632867
5.65,-6.553555512249358,-7.340089944256727,23.469026108839348
5.66,-6.63754252695894,-7.569530736590867,23.336760001830097
5.67,-6.7366666627883784,-7.808951539517583,23.230436325090462
5.68,-6.850543348649043,-8.057219725744382,23.15148860665154
5.69,-6.978594458700066,-8.31304158202676,23.101289267090117
5.7,-7.120048312348293,-8.574962309168113,23.081149619528727
5.71,-7.273939674248355,-8.841366022019876,23.09231986963559
5.72,-7.439109754302623,-9.110475749481427,23.135989115624646
5.73,-7.614206207661233,-9.380353434500138,23.213285348255567
5.74,-7.797683134722025,-9.648899934071276,23.325275450833708
5.75,-7.987801081130633,-9.913855019238149,23.472965199210165
5.76,-8.183574579116105,-10.173683240068355,23.656119773828607
5.7700000000000005,-8.384619216179873,-10.42518974832427,23.873824961585253
5.78,-8.589325543222731,-10.663012732177108,24.126183654514342
5.79,-8.79592125230218,-10.882217480417605,24.412571396537423
5.8,-9.002479572375517,-11.078309596365186,24.731624682753992
5.8100000000000005,-9.206919269299865,-11.247234997868002,25.081240959441548
5.82,-9.407004645832112,-11.38537991730288,25.458578624055463
5.83,-9.600345541629009,-11.4895709015754,25.860057025229164
5.84,-9.784397333247105,-11.557074812119847,26.281356462774028
5.8500000000000005,-9.956460934142777,-11.585598824899213,26.717418187679424
5.86,-10.113682794672169,-11.573290430405201,27.162444402112584
5.87,-10.253054902091282,-11.518737433658243,27.60989825941882
5.88,-10.371414780555916,-11.420967954207473,28.052503864121366
5.89,-10.465520363697667,-11.279246789637394,28.48229243211816
5.9,-10.534494252571857,-11.089740990349542,28.892273928755497
5.91,-10.577511630459206,-10.857548337122614,29.27579727565132
5.92,-10.593405337448194,-10.590737650379408,29.626618308165227
5.93,-10.581532318007474,-10.296639780874948,29.93942969737472
5.94,-10.541773620985879,-9.981847609696432,30.209860950075285
5.95,-10.474534399612443,-9.652216048263366,30.43447840878029
5.96,-10.380743911496372,-9.312862038327374,30.61078525172113
5.97,-10.261855518627065,-8.968164551972318,30.73722149284712
5.98,-10.119846687374087,-8.621764591614243,30.813163981825543
5.99,-9.957218988487229,-8.276565190001493,30.83892640404161
6.0,-9.776998097096435,-7.934731410214535,30.815759280598517
6.01,-9.582733792711837,-7.597690345666072,30.74584996831739
6.0200000000000005,-9.377496298633293,-7.268931701203263,30.632413900216683
6.03,-9.161587789274373,-6.960391856461073,30.478923373944827
6.04,-8.938080127461562,-6.6759253286875335,30.288037354276806
6.05,-8.710172048539183,-6.417911238448799,30.062713860454874
6.0600000000000005,-8.480863551558246,-6.188140614424126,29.80628295633199
6.07,-8.252955899276538,-5.987816393405961,29.522446750371913
6.08,-8.029051618158501,-5.817553420299799,29.215279395649063
6.09,-7.811554498375315,-5.677378448124289,28.889227089848596
6.1000000000000005,-7.602669593804853,-5.566730138011188,28.549108075266382
6.11,-7.404403222031759,-5.484459059205407,28.200112638809102
6.12,-7.218562964347334,-5.428827689064947,27.847803111994075
6.13,-7.04663420804792,-5.397910116376156,27.495668824228037
6.140000000000001,-6.889449023270724,-5.390817173603881,27.14280435679098
6.15,-6.747680880123516,-5.406636139337659,26.79148257365438
6.16,-6.621903833116814,-5.4444103130299215,26.443976525089138
6.17,-6.512588961657597,-5.503151558249359,26.10242694598024
6.18,-6.420104370049289,-5.581840302680921,25.76884225582673
6.19,-6.344715187491758,-5.679425538125831,25.445098558741684
6.2,-6.286583568081335,-5.7948248205015425,25.132939643452318
6.21,-6.245768690810776,-5.9269242698417965,24.83397698329982
6.22,-6.222226759569293,-6.074578570296587,24.54968973623947
6.23,-6.2158110031425435,-6.2366109701321815,24.281424744840578
6.24,-6.225447588584335,-6.412459160519531,24.030451578122097
6.25,-6.250461563884447,-6.602238537603364,23.798301342996677
6.26,-6.291301723457301,-6.805555048528067,23.58660412199714
6.2700000000000005,-6.34823387458776,-7.021873820092687,23.3969680101738
6.28,-6.421339570934569,-7.250519790450554,23.23097907700172
6.29,-6.510516112530382,-7.490677709109387,23.090201366380622
6.3,-6.615476545781752,-7.741392136931233,22.976176896634954
6.3100000000000005,-6.735749663469136,-8.001567446132494,22.890425660513863
6.32,-6.870680004746857,-8.269967820283846,22.83444562519123
6.33,-7.0194278551431655,-8.545217254310367,22.809712732265616
6.34,-7.180969246560203,-8.825799554491459,22.817680897760305
6.3500000000000005,-7.35409595727402,-9.110058338460878,22.859782012123283
6.36,-7.537415511934521,-9.396197035206647,22.937425940227243
6.37,-7.729351181565551,-9.682278885071208,23.05200052136959
6.38,-7.9287659718926,-9.966729293318494,23.203675080767816
6.390000000000001,-8.135387865936494,-10.24654090749768,23.391805092546925
6.4,-8.347970712182573,-10.516550194441201,23.61757952451174
6.41,-8.565010816273901,-10.771836952173938,23.88138356846364
6.42,-8.784769908023435,-11.007763308549514,24.18274120516748
6.43,-9.005275141414035,-11.219973721250312,24.52031520435162
6.44,-9.224319094598487,-11.404394977787499,24.89190712470793
6.45,-9.439459769899424,-11.557236195500954,25.29445731389169
6.46,-9.648020593809445,-11.674988821559369,25.724044908521776
6.47,-9.847090416991039,-11.754426632960184,26.175887834180507
6.48,-10.033523514276613,-11.792605736529604,26.644342805413764
6.49,-10.203939584668433,-11.786864568922589,27.122905325730777
6.5,-10.35472375133872,-11.73482389662287,27.60420968760441
6.51,-10.482213338796969,-11.63384757908247,28.080217399515405
6.5200000000000005,-10.585515767312355,-11.47723673992446,28.544540433992832
6.53,-10.662836508188567,-11.270775348625497,28.98862334460882
6.54,-10.712137703962089,-11.023100001202573,29.40403365513657
6.55,-10.73202184124411,-10.74198687389053,29.783546882989214
6.5600000000000005,-10.721731750720549,-10.434351723142024,30.121146539219882
6.57,-10.681150607152052,-10.106249885627626,30.41202412852158
6.58,-10.610801929373991,-9.762876278235666,30.65257914922737
6.59,-10.511849580296461,-9.40856539807234,30.840419093310263
6.6000000000000005,-10.386097766904273,-9.046791322461644,30.97435944638323
6.61,-10.235991040256996,-8.680167708945515,31.05442368769919
6.62,-10.064614295488894,-8.310447795283624,31.081843290151063
6.63,-9.875692771808966,-7.93852439945352,31.059057720271724
6.640000000000001,-9.67265308985418,-7.567134606926915,30.989235378184592
6.65,-9.454704739582159,-7.212661733637901,30.873245824100145
6.66,-9.224875805380561,-6.881079794237438,30.713109399637958
6.67,-8.986771956169882,-6.575566975965728,30.51167362291832
6.68,-8.743799942847815,-6.2986475149650545,30.27231605497567
6.69,-8.49916759828923,-6.052191696279763,29.99894429975855
6.7,-8.255883837346255,-5.837415853856353,29.695996004129725
6.71,-8.016758656848163,-5.654882370543334,29.368438857866032
6.72,-7.784403135601437,-5.504499678091328,29.021770593658463
6.73,-7.561229434389745,-5.3855222571530295,28.662018987112123
6.74,-7.3494507959740085,-5.296550637283245,28.295741856746357
6.75,-7.1510218983907015,-5.235561255732176,27.92744732031013
6.76,-6.967201971964896,-5.200917502850259,27.555827694282534
6.7700000000000005,-6.798856468597374,-5.19158017082494,27.183339382488523
6.78,-6.646730938367135,-5.206473260502483,26.81252038103519
6.79,-6.511453195244576,-5.244469671782119,26.445743209703338
6.8,-6.393533317091548,-5.3043912036160545,26.08521491194763
6.8100000000000005,-6.2933636456613335,-5.385008554009472,25.7329770548965
6.82,-6.21121878659868,-5.485041320020503,25.390905729352298
6.83,-6.14725560943975,-5.603157997760272,25.060711549791083
6.84,-6.101513247612154,-5.737975982392867,24.74393965436277
6.8500000000000005,-6.073913097031871,-5.8880615694699445,24.44196970506044
6.86,-6.063513059692096,-6.052959061905174,24.156185592570598
6.87,-6.069752705431194,-6.232943317470898,23.888125183983792
6.88,-6.092921099183701,-6.427583774113256,23.639293293161074
6.890000000000001,-6.133160759389193,-6.6363689853065635,23.41121806045945
6.9,-6.190467657992264,-6.858706620053237,23.205450952731955
6.91,-6.264691220442553,-7.093923462883905,23.023566763327537
6.92,-6.355534325694728,-7.341265413857337,22.867163612091133
6.93,-6.462553306208489,-7.599897488560462,22.737862945363666
6.94,-6.585157947948579,-7.868903818108387,22.63730953598201
6.95,-6.722611490384744,-8.14728764914431,22.567171483279047
6.96,-6.874030626491791,-8.433971343839653,22.5291402130836
6.97,-7.038385502749551,-8.727796379893977,22.524930477720474
6.98,-7.2144997191429034,-9.027523350535027,22.55628035601046
6.99,-7.401302163200124,-9.331850852268456,22.623681632487216
7.0,-7.5984442363173,-9.63813745018517,22.727478776739122
7.01,-7.805383935501017,-9.942657808183384,22.870285380022974
7.0200000000000005,-8.021252181701815,-10.241588242043958,23.053930944058862
7.03,-8.244856245856907,-10.531016479622862,23.27940987255833
7.04,-8.474679748890303,-10.806941660851326,23.546881471224456
7.05,-8.708882661712726,-11.06527433773574,23.85566994775179
7.0600000000000005,-8.945301305221662,-11.3018364743577,24.20426441182641
7.07,-9.181448350301265,-11.512361446873916,24.590318875125803
7.08,-9.414512817822487,-11.692494043516355,25.01065225131901
7.09,-9.641360078642997,-11.83779046459214,25.461248356066562
7.1000000000000005,-9.858531853607216,-11.943718322483589,25.93725590702051
7.11,-10.062246213546247,-12.005656641648175,26.432988523824278
7.12,-10.248775747110141,-12.018774168480833,26.94226469293486
7.13,-10.417176300038838,-11.979013152132659,27.459714893757695
7.140000000000001,-10.564004885961825,-11.88688545332023,27.975436527592297
7.15,-10.685640794366662,-11.744044609326277,28.479438804104834
7.16,-10.779169191176553,-11.55268853679962,28.96267305331267
7.17,-10.842381118750287,-11.315559531755193,29.417032725584164
7.18,-10.873773495882256,-11.035944269574046,29.83535339163874
7.19,-10.872549117802446,-10.71767380500331,30.211412742546898
7.2,-10.83861665617645,-10.365123572156312,30.539930589730094
7.21,-10.772590659105461,-9.98321338451241,30.816568864960935
7.22,-10.675791551126272,-9.577407434917102,31.037931620363057
7.23,-10.550166429470082,-9.153863482661466,31.20154896694041
7.24,-10.395949355259937,-8.72405354449503,31.30552886706876
7.25,-10.21535696863831,-8.297156857869469,31.349567439653118
7.26,-10.011920238786573,-7.8794713202651465,31.334585985946834
7.2700000000000005,-9.789162985024623,-7.476674900574755,31.2624130405443
7.28,-9.550601876810969,-7.093825639103453,31.135784371380968
7.29,-9.299746433742612,-6.73536164756865,30.95834297973333
7.3,-9.040099025555126,-6.405101109100153,30.73463910021893
7.3100000000000005,-8.77515487212261,-6.106242278240103,30.470130200796326
7.32,-8.508402043457785,-5.841363480943079,30.1711809827652
7.33,-8.24332145971185,-5.6124231145759405,29.84506338076622
7.34,-7.98340702921555,-5.4205103820344664,29.499665510223092
7.3500000000000005,-7.732045176882703,-5.262220753639678,29.13775081607918
7.36,-7.49140369379216,-5.136051986410107,28.761868395556352
7.37,-7.263240560614674,-5.041546568071673,28.37559270977187
7.38,-7.0491296554847285,-4.977927515383323,27.98231585027297
7.390000000000001,-6.850460754000498,-4.944098374137007,27.585247539036793
7.4,-6.668439529223913,-4.938643219157693,27.18741512847055
7.41,-6.50408755168056,-4.959826654303343,26.791663601411273
7.42,-6.358242289359751,-5.005593812464935,26.400655571125984
7.43,-6.231557107714502,-5.073570355566452,26.016871281311644
7.44,-6.124501269661531,-5.161062474564895,25.642608606095138
7.45,-6.03735471033035,-5.265072807035003,25.279978799705155
7.46,-5.969337642860715,-5.385592239821235,24.930101028968593
7.47,-5.919868810640177,-5.523555168852642,24.593934746629763
7.48,-5.888970281013762,-5.6782703777249,24.27294008656073
7.49,-5.876583390374675,-5.849090084604721,23.96860038087897
7.5,-5.882568744164286,-6.035409942229946,23.682422159947222
7.51,-5.906706216872143,-6.236669037909484,23.41593515237358
7.5200000000000005,-5.94869495203597,-6.452349893523346,23.170692285011455
7.53,-6.0081533622416545,-6.68197846552257,22.94826968295967
7.54,-6.084619129123267,-6.925124144929335,22.7502666695623
7.55,-6.177549203363047,-7.18139975733688,22.578305766408793
7.5600000000000005,-6.286319804691421,-7.450461562909558,22.434032693333926
7.57,-6.409772410619,-7.731524336003009,22.318331986147992
7.58,-6.547457312742776,-8.023505949544576,22.232763150379817
7.59,-6.699804329495675,-8.325542810902443,22.180166645445407
7.6000000000000005,-6.866934397041291,-8.636373502552514,22.163046938127188
7.61,-7.0486563886071,-8.95433660334738,22.183567792908732
7.62,-7.244467114484541,-9.27737068851649,22.243552271974725
7.63,-7.453551322028963,-9.603014329666024,22.344482735211
7.640000000000001,-7.674781695659659,-9.928406094778975,22.48750084020453
7.65,-7.906718856859787,-10.250284548215008,22.673407542243385
7.66,-8.147611364176484,-10.564988250710654,22.902663094316804
7.67,-8.395395713220793,-10.868455759379177,23.175387047115148
7.68,-8.647696336667682,-11.156225627710617,23.491358249029915
7.69,-8.901825604256059,-11.423436405571804,23.85001484615376
7.7,-9.154783822788694,-11.66482663920627,24.250454282280383
7.71,-9.404527390009372,-11.875734682047591,24.691023564509788
7.72,-9.649373960242283,-12.051028592771624,25.167251523761806
7.73,-9.885411393580641,-12.184052227438919,25.67328869301103
7.74,-10.108875209701704,-12.269322755442799,26.20277991190163
7.75,-10.316185375648518,-12.302565223817643,26.748865649272464
7.76,-10.50394630582984,-12.280712557238834,27.304182003156914
7.7700000000000005,-10.66894686202017,-12.20190555802277,27.860860700782972
7.78,-10.808160353359693,-12.065492906126881,28.410529098573054
7.79,-10.918744536354367,-11.872031159149605,28.94431018214427
7.8,-10.998041614875866,-11.623284752330406,29.452822566308267
7.8100000000000005,-11.0435782401616,-11.322225998549731,29.926180495071275
7.82,-11.053452162065096,-10.971654580864794,30.353879930095207
7.83,-11.02719071386479,-10.579225606899366,30.728388073565934
7.84,-10.965033162858504,-10.155731299639191,31.04486386616247
7.8500000000000005,-10.867810548139405,-9.711084836341765,31.299623140679227
7.86,-10.736945726840139,-9.25431940850052,31.490138304036176
7.87,-10.57445337413278,-8.793588221844578,31.61503833727898
7.88,-10.382939983228852,-8.336164496338919,31.674108795578878
7.890000000000001,-10.165603865379314,-7.888441466184296,31.66829180823275
7.9,-9.926235149874623,-7.455932379817394,31.599686078663076
7.91,-9.669215784044638,-7.0432704999105935,31.471546884417975
7.92,-9.399502879539815,-6.654237425374831,31.288306089996684
7.930000000000001,-9.12052958571792,-6.294995817139567,31.057360162407917
7.94,-8.835593410988544,-5.97040783314526,30.78495245615329
7.95,-8.54875943825228,-5.6825259723037025,30.475800621579335
7.96,-8.263753268874988,-5.432596996405065,30.134768656945145
7.97,-7.983961022687783,-5.2210619301178625,29.76686690842236
7.98,-7.712429337987011,-5.047556060988941,29.377252070095157
7.99,-7.451865371534336,-4.910908939443534,28.971227183960348
8.0,-7.2046367985566055,-4.80914437878517,28.55424163992721
8.01,-6.972771812745939,-4.739480455195743,28.131891175817593
8.02,-6.757952965117989,-4.698430969852672,27.709724467005604
8.03,-6.561269511903455,-4.684584081779147,27.288661872262875
8.040000000000001,-6.383325942747483,-4.69688149861587,26.86989995591277
8.05,-6.224609297610087,-4.733744036627443,26.45580471139713
8.06,-6.085493129430585,-4.793675440679988,26.048572951571348
8.07,-5.966237504127732,-4.875262384241145,25.65023230870473
8.08,-5.866989000599683,-4.97717446938007,25.262641234480363
8.09,-5.787780710723996,-5.098164226767436,24.88748899999516
8.1,-5.72853223935763,-5.2370671156754325,24.526295695759835
8.11,-5.689049704336947,-5.392801523977767,24.180412231698902
8.120000000000001,-5.668855710358381,-5.564459152791422,23.851085254305875
8.13,-5.66639617815998,-5.752111351953571,23.540013152441897
8.14,-5.6818370740643,-5.955568251166635,23.248607862479357
8.15,-5.715595391568154,-6.174434147277197,22.97824763271115
8.16,-5.767911561802499,-6.408261872243308,22.73040242697294
8.17,-5.838849453532436,-6.656552793134479,22.5066339246432
8.18,-5.928296373157213,-6.918756812131685,22.308595520643173
8.19,-6.035963064710222,-7.194272366527361,22.138032325436892
8.2,-6.161383709859002,-7.482446428725408,21.99678116503117
8.21,-6.303915927905262,-7.782574506241245,21.88677058097559
8.22,-6.462740775784781,-8.093900641701588,21.810020830362582
8.23,-6.636862748067555,-8.415617412844776,21.76864388582729
8.24,-6.825109776957706,-8.746865932520562,21.764843435547675
8.25,-7.026133232293495,-9.086735848690157,21.800914883244477
8.26,-7.23881535740133,-9.433907304215309,21.878246211725347
8.27,-7.463462629987321,-9.784933933156642,21.996910536903243
8.28,-7.699670362839449,-10.135815581569842,22.160179794441355
8.290000000000001,-7.946565424457234,-10.482339704763232,22.370601203980442
8.3,-8.202871772469592,-10.820045504691599,22.629727049108883
8.31,-8.466910453635107,-11.14422392995656,22.938114677362893
8.32,-8.736599603841846,-11.449917675806319,23.295326500226388
8.33,-9.009454448107409,-11.731921184135723,23.699929993131025
8.34,-9.282587300578932,-11.98478064348627,24.149497695456187
8.35,-9.552707564533078,-12.202793989046096,24.64060721052899
8.36,-9.816121732376045,-12.380010902649996,25.168841205624297
8.370000000000001,-10.068733385643602,-12.510232812779421,25.72878741196479
8.38,-10.306043969776965,-12.58701275727365,26.31403946896231
8.39,-10.52547713915994,-12.60409461542861,26.918898458268615
8.4,-10.723755319830646,-12.55883226775403,27.53335463824959
8.41,-10.895889518504287,-12.450767103469596,28.144791462253746
8.42,-11.037704446305765,-12.280512093688735,28.741561769570836
8.43,-11.145838518769672,-12.0497517914186,29.31298778543187
8.44,-11.217743855840286,-11.761242331560085,29.849361121009082
8.45,-11.251686281871581,-11.418811430907812,30.341942773415973
8.46,-11.246745325627213,-11.027358388150065,30.782963125707344
8.47,-11.202814220280537,-10.592854083869078,31.16562194687902
8.48,-11.120599903414597,-10.122340980540612,31.484088391868312
8.49,-11.00127419042201,-9.624558304354883,31.73332115411192
8.5,-10.844856844912421,-9.113592891144219,31.909006729329107
8.51,-10.654480289422862,-8.60018225307537,32.01059524550523
8.52,-10.434007557032716,-8.093264144833745,32.039117235927094
8.53,-10.187423494581921,-7.600873881409624,31.996769970802784
8.540000000000001,-9.918834762670924,-7.130144338098093,31.886917457261656
8.55,-9.632469835660874,-6.687305950499358,31.714090439354408
8.56,-9.332679001673336,-6.277686714518252,31.48398639805298
8.57,-9.02393436259048,-5.905712186364571,31.203469551250613
8.58,-8.710829834055032,-5.57490548255299,30.880570853761828
8.59,-8.398082572366143,-5.287853778267993,30.524466612477095
8.6,-8.090306129040213,-5.042477653847222,30.14188426007577
8.61,-7.790795623285601,-4.836715531686393,29.736755237871954
8.620000000000001,-7.502238076686643,-4.6703459596272925,29.31363408329205
8.63,-7.227042200301494,-4.542605849502228,28.87686978751485
8.64,-6.96733839466181,-4.452190477133844,28.43060579547107
8.65,-6.724978749772964,-4.397253482335257,27.97878000584367
8.66,-6.501537045113988,-4.375406868910014,27.525124771067755
8.67,-6.2983087496375765,-4.383721004652097,27.073166897330598
8.68,-6.116311021770081,-4.418724621345921,26.626227644571618
8.69,-5.956282709411519,-4.476404814766335,26.187422726482403
8.700000000000001,-5.818644359462283,-4.552381390935231,25.7595884550549
8.71,-5.702470128522097,-4.647399498572813,25.343113959478575
8.72,-5.607229694053848,-4.762039857088882,24.938644489724894
8.73,-5.532812828563721,-4.895255128126122,24.547618912930755
8.74,-5.479046108906998,-5.0461479599868895,24.1714770527973
8.75,-5.445692916288065,-5.213970987633214,23.811659689589927
8.76,-5.432453436260408,-5.398126832686794,23.469608560138283
8.77,-5.438964658726611,-5.598168103429002,23.146766357836277
8.78,-5.4648003779383645,-5.81379739480088,22.84457673264206
8.790000000000001,-5.509471192496464,-6.0448672884031875,22.564484291078
8.8,-5.572424503325248,-6.2913803510690505,22.30793459590478
8.81,-5.652651243760805,-6.553065484274281,22.076366472324093
8.82,-5.749951980509345,-6.829716013567411,21.87159848616721
8.83,-5.8647719857091705,-7.121308787634645,21.69566492890234
8.84,-5.997339915252853,-7.427513844288261,21.55062606751032
8.85,-6.14766780878723,-7.74769441046661,21.4385681444846
8.86,-6.3155510897134075,-8.080906902234112,21.36160337783126
8.870000000000001,-6.500568565186789,-8.425900924781322,21.321869961068987
8.88,-6.70208242611695,-8.781119272424684,21.321532063229117
8.89,-6.919238247167826,-9.14469792860689,21.362779828855583
8.9,-7.15096498675759,-9.514466065896652,21.447829378004943
8.91,-7.3959749870586835,-9.887946045988745,21.578922806246375
8.92,-7.652763973997812,-10.262353419704022,21.758328184661686
8.93,-7.919620794348596,-10.634644976607975,21.98827937793465
8.94,-8.195304644538277,-11.002958140497482,22.267913635198607
8.950000000000001,-8.478477158635211,-11.360648791209943,22.59803996505648
8.96,-8.767177851907048,-11.699305245530457,22.980196490423285
8.97,-9.05906036075277,-12.011064727420838,23.414415319149633
8.98,-9.35139244270249,-12.288613368019371,23.899222544021516
8.99,-9.641055976417501,-12.525186205640876,24.43163824276035
9.0,-9.924546961690275,-12.714567185776703,25.007176478022988
9.01,-10.197975519444467,-12.851089161094732,25.6198452974017
9.02,-10.457065891734912,-12.929633891439378,26.2621467334242
9.03,-10.697156441747621,-12.945632043831587,26.925076803553615
9.040000000000001,-10.913199653799829,-12.89506319246882,27.59812551018864
9.05,-11.09976213333983,-12.774455818725109,28.269276840663018
9.06,-11.25124373572837,-12.58009992780149,28.92518568707341
9.07,-11.365742848791797,-12.302519366219043,29.554113136370802
9.08,-11.440902804841175,-11.95326241076153,30.143375861866804
9.09,-11.47428450835234,-11.548263236220626,30.681250323970044
9.1,-11.464476023378406,-11.101471401592246,31.158022478364824
9.11,-11.411092573549748,-10.624851850076563,31.56598777601114
9.120000000000001,-11.314776542073991,-10.128384909077916,31.899451163144718
9.13,-11.177197471736083,-9.620066290205154,32.154727081276796
9.14,-11.001052064898191,-9.105907089271117,32.33013946719448
9.15,-10.79006418349977,-8.589933786292983,32.426021752960494
9.16,-10.548984849057534,-8.074188245492179,32.444716865913236
9.17,-10.283592242665472,-7.5587277152943875,32.3905772286668
9.18,-9.998780879150901,-7.0481614682107345,32.26917078310351
9.19,-9.694080678492828,-6.568237235138995,32.083822253624845
9.200000000000001,-9.374603581883585,-6.126339270002949,31.83932646150015
9.21,-9.045748649041256,-5.726417691520809,31.541286391542577
9.22,-8.712523183979094,-5.371192419212061,31.19590904162536
9.23,-8.379542735005748,-5.062153173397781,30.810005422682007
9.24,-8.051031094725209,-4.799559475200551,30.390990558706246
9.25,-7.730820300036811,-4.582440646544468,29.94688348675203
9.26,-7.422350632135229,-4.408595810155132,29.486307256933543
9.27,-7.128671580172668,-4.274599410936919,29.01845141101665
9.28,-6.852379080885368,-4.177251389988714,28.54615929303075
9.290000000000001,-6.5950107025218605,-4.114442793073223,28.06982541849764
9.3,-6.357649362100993,-4.083854340849401,27.59278112333984
9.31,-6.141188759595273,-4.083210000555769,27.118034770323796
9.32,-5.946333377931053,-4.110276986010454,26.648271749060193
9.33,-5.773598482988486,-4.1628657576111845,26.185854476003893
9.34,-5.623310123601524,-4.2388300223352795,25.732822394453915
9.35,-5.495605131557918,-4.336066733739659,25.29089197455345
9.36,-5.390431121599216,-4.452516091960837,24.861456713289854
9.370000000000001,-5.307360801877076,-4.586509802165322,24.44572516022467
9.38,-5.245286761544613,-4.738224048462957,24.045289021711152
9.39,-5.2040691941341946,-4.907099626321442,23.6613068973624
9.4,-5.183621784697234,-5.092522210189225,23.294953388232628
9.41,-5.183774961898178,-5.294011255320813,22.947500970903526
9.42,-5.204275898014497,-5.511219997776781,22.620319997484273
9.43,-5.244788508936697,-5.743935454423766,22.31487869561152
9.44,-5.304893454168308,-5.99207842293447,22.032743168449407
9.450000000000001,-5.384088136825906,-6.255703481787709,21.775577394689506
9.46,-5.481786703639053,-6.534998990268219,21.545143228551
9.47,-5.59732004495038,-6.830287088466942,21.34330039978043
9.48,-5.729935725352962,-7.141973500909327,21.17197783287398
9.49,-5.879186576768958,-7.469001281230425,21.032579811072175
9.5,-6.045513131050975,-7.810814554724723,20.927659185059493
9.51,-6.229248928319387,-8.167054436120898,20.860169013387562
9.52,-6.430438781739997,-8.536798078529486,20.832909608320538
9.53,-6.648838777524042,-8.918558673442888,20.848528535835122
9.540000000000001,-6.883916274928239,-9.310285450735439,20.90952061562057
9.55,-7.1348499062546065,-9.70936367866312,21.018227921078623
9.56,-7.400529576850722,-10.112614663863983,21.17683977932361
9.57,-7.679556465109558,-10.516295751357875,21.387392771182377
9.58,-7.970243022469518,-10.916100324546504,21.651770731194315
9.59,-8.270612973414439,-11.30715780521344,21.971704747611348
9.6,-8.578401315473592,-11.684033653524107,22.34877316239794
9.61,-8.891532794926302,-12.041804681156957,22.783164631573726
9.620000000000001,-9.207647091253529,-12.37318848907551,23.27305664707354
9.63,-9.523160422824734,-12.66800199439136,23.81661521196276
9.64,-9.834226418055557,-12.917056802877982,24.410370701915273
9.65,-10.136747723511167,-13.11219571389628,25.049194526823705
9.66,-10.426376003906315,-13.246292720394653,25.726299130799497
9.67,-10.69851194210534,-13.313253008908998,26.43323799217292
9.68,-10.94830523912217,-13.3080129595627,27.159905623493046
9.69,-11.170654614120322,-13.226540146066641,27.89453757152778
9.700000000000001,-11.36020780441292,-13.065833335719166,28.62371041726397
9.71,-11.511820943346567,-12.822541048660309,29.332708930937084
9.72,-11.622765573622171,-12.493633871487276,30.007492268008747
9.73,-11.689370866482001,-12.091676889541374,30.63352819064705
9.74,-11.708852845522516,-11.630088120025807,31.19819110502656
9.75,-11.679720023809365,-11.121198655488627,31.691118785441585
9.76,-11.601773403877395,-10.576252663822725,32.10421237430619
9.77,-11.476106477730653,-10.005407388265839,32.43163638215418
9.78,-11.305105226842375,-9.41773314740054,32.66981868763913
9.790000000000001,-11.09244812215496,-8.821213335154145,32.81745053753434
9.8,-10.84310612408011,-8.222744420799124,32.875486546732844
9.81,-10.56326298477913,-7.6283408813737115,32.84716689832447
9.82,-10.255536809088047,-7.055497411932991,32.73874043679827
9.83,-9.924115178556956,-6.518301947861562,32.556102779713925
9.84,-9.57538061357982,-6.022993717994256,32.30508592043605
9.85,-9.215313854768121,-5.574309622579101,31.9924053571887
9.86,-8.849493862950848,-5.1754842332773165,31.62566009305539
9.870000000000001,-8.483097819174448,-4.82824979316327,31.213332635979008
9.88,-8.12090112470307,-4.532836216724696,30.764788998762114
9.89,-7.767277401018186,-4.287971089862341,30.290278699066516
9.9,-7.426198489818846,-4.090879669890214,29.800934759413536
9.91,-7.101269052286069,-3.9376341242916704,29.304081305571724
9.92,-6.795005723456592,-3.8250427837883434,28.798917339697912
9.93,-6.508992324216753,-3.750295845151804,28.289400251687123
9.94,-6.2445479394328105,-3.7105847313965454,27.779219125391485
9.950000000000001,-6.002735164425896,-3.703103784997533,27.271631202608813
9.96,-5.784360104972178,-3.7250502678902024,26.76946188308296
9.97,-5.589972377302607,-3.773624361470454,26.275104724503286
9.98,-5.41986510810309,-3.8460291665946613,25.790521442505018
9.99,-5.274074934514446,-3.939470703579669,25.317241910669146
10.0,-5.152221154371002,-4.0515962033060005,24.85648996218742
10.01,-5.053211606239902,-4.182392731541723,24.409751237290298
10.02,-4.976716903625895,-4.331015151255529,23.978111234269708
10.03,-4.922460157487609,-4.496599852007452,23.56265231609108
10.040000000000001,-4.890102096210478,-4.678499682819397,23.16452655648893
10.05,-4.879241065606771,-4.876283952175005,22.784955739967145
10.06,-4.889413028915544,-5.0897384280198485,22.42523136179855
10.07,-4.920091566802681,-5.318865337761301,22.0867146280252
10.08,-4.970687877360875,-5.563883368268575,21.770836455458316
10.09,-5.040550776109636,-5.825227665872715,21.47909747167826
10.1,-5.128966632085407,-6.10354959770545,21.213067991996358
10.11,-5.2351921064736775,-6.398782320149612,20.97436450739077
10.120000000000001,-5.35945696565394,-6.710833447431659,20.764944435536094
10.13,-5.502280274459708,-7.040101135671801,20.587022617578036
10.14,-5.663971181086662,-7.38659486883914,20.442932668466018
10.15,-5.844628917092566,-7.74993545875145,20.335126976953326
10.16,-6.044142797397285,-8.12935504507523,20.266176705597076
10.17,-6.262192220282793,-8.523697095325701,20.238771790758207
10.18,-6.498246667393162,-8.931416404866814,20.255720942601485
10.19,-6.751565703734573,-9.350579096911247,20.319951645095507
10.200000000000001,-7.021198977675358,-9.778862622520476,20.43451015601272
10.21,-7.305986220945805,-10.213555760604475,20.60256150692933
10.22,-7.604557248638451,-10.651558617922166,20.82738950322543
10.23,-7.915478834599507,-11.089772518224537,21.110682910027755
10.24,-8.23756525222145,-11.52261289171993,21.453023704468958
10.25,-8.569119607145346,-11.941385854562533,21.858017775072213
10.26,-8.907854618383602,-12.337414053718236,22.32745863416989
10.27,-9.250897971022862,-12.702104091092165,22.86118118895573
10.28,-9.594792316224012,-13.026946523528693,23.45706174148485
10.290000000000001,-9.935495271222237,-13.30351586281147,24.111017988673865
10.3,-10.268379419326775,-13.523470575663243,24.8170090223004
10.31,-10.588232309921295,-13.67855308374616,25.567035329003815
10.32,-10.889256458463635,-13.76058976366154,26.35113879028471
10.33,-11.165069346485872,-13.761490946949957,27.157402682505086
10.34,-11.409247751836174,-13.67277016130319,27.97258205325741
10.35,-11.618582251895727,-13.487555312511661,28.78406526930257
10.36,-11.786898483710786,-13.210965812566645,29.572329880023407
10.370000000000001,-11.908544672277031,-12.850293919958999,30.318869125645115
10.38,-11.979390601911955,-12.41341710564756,31.00768785787387
10.39,-11.996827616254992,-11.908798053058762,31.625302539897604
10.4,-11.959768618267422,-11.345484658086864,32.160741246385484
10.41,-11.868648070232402,-10.733110029093915,32.60554366348805
10.42,-11.725421993754955,-10.081892486909735,32.9537610888372
10.43,-11.53356796976198,-9.402635564831927,33.201956431546186
10.44,-11.29669503522769,-8.709980097040788,33.34900348040144
10.450000000000001,-11.016317362293398,-8.027658721145439,33.3957384471006
10.46,-10.698855501511465,-7.368535577016029,33.34560389322883
10.47,-10.351017293233658,-6.74284913527527,33.203758663799995
10.48,-9.979356100132753,-6.159178010499154,32.97700875725003
10.49,-9.590270807202486,-5.624440961216842,32.673807325436954
10.5,-9.19000582175756,-5.143896889910657,32.304254673640855
10.51,-8.784651073433643,-4.72114484301608,31.880098260563912
10.52,-8.380142014187362,-4.358124010921759,31.41473269833037
10.53,-7.982264478051346,-4.055070471024359,30.923101843334365
10.540000000000001,-7.596571041962657,-3.807102404183625,30.41155206025875
10.55,-7.2267443266283,-3.609511839199893,29.88261895253587
10.56,-6.8755421546949185,-3.459432404695428,29.341975854014397
10.57,-6.545318701503579,-3.353689023558658,28.794705554270315
10.58,-6.238024495089691,-3.288797912944122,28.245300298606864
10.59,-5.955206416183012,-3.260966584272472,27.697661788054504
10.6,-5.698007698207645,-3.2660938432304727,27.15510117937093
10.61,-5.467167927282041,-3.299769789771,26.620339085041078
10.620000000000001,-5.263023042218965,-3.3572758181130564,26.09550557327703
10.63,-5.085200574547272,-3.435230023949711,25.58209532510229
10.64,-4.932612218724535,-3.534061637819275,25.081127323779032
10.65,-4.804788743083989,-3.6522091299770016,24.593669203542234
10.66,-4.701238818577568,-3.7882814701044194,24.120791426986866
10.67,-4.621416947503203,-3.941196810825247,23.66356212711325
10.68,-4.564723463504833,-4.110182487705395,23.223047107327073
10.69,-4.5305045315723955,-4.294775019252962,22.800309841439375
10.700000000000001,-4.518052148041832,-4.494820106918279,22.39641147366649
10.71,-4.526604140595092,-4.7104726350937565,22.012410818630325
10.72,-4.555331470351225,-4.942189888890292,21.64937559193483
10.73,-4.603181912339148,-5.190354024337579,21.308798478351736
10.74,-4.670208139456591,-5.455310483131531,20.992007955727743
10.75,-4.756769497001389,-5.73744894345593,20.70032777671226
10.76,-4.863098468672792,-6.037095738506086,20.43533637820858
10.77,-4.989300676571466,-6.354513856488843,20.198866881373874
10.78,-5.135354881199485,-6.689902940622575,19.993007091619216
10.790000000000001,-5.301112981460373,-7.04339928913725,19.820099498609515
10.8,-5.486300014658974,-7.415075855274177,19.682741276263673
10.81,-5.690514156501633,-7.804942247286384,19.58378428275437
10.82,-5.913226721096081,-8.21294472843837,19.526335060508202
10.83,-6.153782160951462,-8.638966217006157,19.513754836205663
10.84,-6.411486793515014,-9.082274086649496,19.548933594156793
10.85,-6.686516457097087,-9.539646465832153,19.63363666335476
10.86,-6.979246412697389,-10.00861990816492,19.773389491632148
10.870000000000001,-7.289475252364672,-10.485932985509738,19.973186096387554
10.88,-7.61641514559471,-10.967270643066215,20.237028789266343
10.89,-7.958691839330626,-11.44726419937213,20.56792817616085
10.9,-8.314344657962675,-11.919491346303102,20.967903157210255
10.91,-8.680826503328298,-12.37647614907267,21.4379809268006
10.92,-9.055003854712123,-12.80968904623229,21.978196973564813
10.93,-9.433156768845958,-13.209546849671343,22.587595080382687
10.94,-9.810978879908808,-13.565412744617127,23.264227324380887
10.950000000000001,-10.183577399526916,-13.865596289634908,24.00515407693309
10.96,-10.546791249635477,-14.100169516520694,24.80632848043186
10.97,-10.894752486067226,-14.258235350890567,25.6567799938489
10.98,-11.219858569843334,-14.32796657315864,26.541875684487245
10.99,-11.515048599920242,-14.300632593052613,27.446356422588607
11.0,-11.773803531883342,-14.170599856335086,28.354337058579183
11.01,-11.990146177946967,-13.935331844803544,29.249306423069626
11.02,-12.158641206954401,-13.59538907629037,30.114127326855073
11.03,-12.274395144377873,-13.154429104662842,30.93103656091511
11.040000000000001,-12.333056372318564,-12.619206519823022,31.681644896413932
11.05,-12.33084634135681,-11.99878104784296,32.34620734332011
11.06,-12.266105056252465,-11.306898060326239,32.90681770584726
11.07,-12.139933627840813,-10.566839473162036,33.35668645551874
11.08,-11.954666875778408,-9.800261062543417,33.69208822158416
11.09,-11.713787082805602,-9.026263348278652,33.91155630675934
11.1,-11.42192399474656,-8.261391593791219,34.015882687226394
11.11,-11.084854820509237,-7.519635806119797,34.00811801263367
11.120000000000001,-10.709504232085335,-6.812430735918157,33.89357160609574
11.13,-10.30394436455055,-6.148655877455643,33.67981146419349
11.14,-9.877352320510486,-5.534714005176554,33.37672946364673
11.15,-9.43659490864116,-4.980035455715388,33.00017243138725
11.16,-8.988157598314865,-4.49077425362532,32.56352196845323
11.17,-8.539218667959279,-4.06827925380196,32.076953668682904
11.18,-8.09614301398115,-3.7121725162190793,31.55033553906779
11.19,-7.664482150766302,-3.420349305928603,30.99322799975269
11.200000000000001,-7.248974210679558,-3.1889780930605784,30.41488388403557
11.21,-6.853543944065032,-3.012500552823328,29.824248438368
11.22,-6.4813027192456865,-2.8836315655032037,29.22995932235451
11.23,-6.134577421031333,-2.7961624411442383,28.6373287379058
11.24,-5.814635781446087,-2.7476629164962056,28.047006863223178
11.25,-5.522106125705123,-2.733913242464556,27.461961449344226
11.26,-5.25737295100845,-2.751023794549776,26.884777547408166
11.27,-5.020579002760102,-2.7954695468780457,26.31761692098659
11.28,-4.811625274568128,-2.8640900722012317,25.762218046083472
11.290000000000001,-4.630171008244566,-2.9540895418969106,25.219896111135057
11.3,-4.475633693805568,-3.0630367259682987,24.69154301701026
11.31,-4.346970069657599,-3.1891414635979496,24.177856274760305
11.32,-4.24269433232452,-3.3318153009076332,23.67997093078114
11.33,-4.162341798870191,-3.490033636807408,23.19846534633282
11.34,-4.105462304784566,-3.663008229852927,22.73395952670509
11.35,-4.07153168219603,-3.8502718719264393,22.287183198651885
11.36,-4.059951759871405,-4.051678388236789,21.85897581039138
11.370000000000001,-4.070050363215947,-4.267402637319455,21.45028653160589
11.38,-4.101081314273342,-4.4979405110363935,21.06217425344216
11.39,-4.152224431725711,-4.744108934576273,20.69580758851095
11.4,-4.222585530893606,-5.007045866454318,20.3524648708873
11.41,-4.311208234402309,-5.28818682164106,20.033536914585813
11.42,-4.418063560011913,-5.587852828585591,19.740651554583987
11.43,-4.543847088511566,-5.906521178698305,19.475496651064372
11.44,-4.688983903649643,-6.245112942472109,19.239965469589023
11.450000000000001,-4.8538021906682784,-6.604309683379329,19.036267933837305
11.46,-5.03853323630324,-6.984553457871447,18.86693062560605
11.47,-5.243311428784109,-7.386046815379485,18.734796784809305
11.48,-5.468174257834161,-7.808752798313753,18.64302630947852
11.49,-5.713062314670398,-8.252394942063916,18.59509575576248
11.5,-5.977819292003548,-8.71645727499898,18.594798337927323
11.51,-6.262191984038063,-9.200184318467315,18.64624392835653
11.52,-6.565491032843675,-9.702137479954487,18.75249992821019
11.53,-6.88672760059853,-10.218798355582424,18.915055904130828
11.540000000000001,-7.226541331258504,-10.746654766992794,19.141844473702964
11.55,-7.584916784413284,-11.281041752121027,19.439784996820816
11.56,-7.960998411292097,-11.815987505651119,19.81411558622908
11.57,-8.353090554763478,-12.344213379015269,20.268393107522815
11.58,-8.75865744933532,-12.85713388039396,20.804493179147446
11.59,-9.17432322115489,-13.344856674715968,21.42261017239879
11.6,-9.595871888008803,-13.796182583658357,22.12125721142304
11.61,-10.018247359323052,-14.19860558564648,22.897266173216764
11.620000000000001,-10.43555343616306,-14.538312815854033,23.745787687627086
11.63,-10.84105381123339,-14.800184566202827,24.660291137351035
11.64,-11.227294281562049,-14.967926837176275,25.632661215871632
11.65,-11.58900720022234,-15.029677607317058,26.65222035727171
11.66,-11.91737407196588,-14.976979040727603,27.696200372515616
11.67,-12.202831352984504,-14.803704858229963,28.740010263785933
11.68,-12.437226004137932,-14.507478645974041,29.7604124276831
11.69,-12.613815490953758,-14.089673855437585,30.735522655225402
11.700000000000001,-12.72726778362747,-13.555413803426088,31.644810131849137
11.71,-12.773661357022378,-12.913571672073184,32.46909743740797
11.72,-12.750485190669743,-12.176770508840084,33.19056054617392
11.73,-12.656553737228373,-11.36148479553622,33.79252979084143
11.74,-12.490824189857541,-10.491887812847448,34.25787902552122
11.75,-12.256845494913412,-9.595294674508274,34.58234578864031
11.76,-11.960321912524186,-8.695740947074968,34.767691934229724
11.77,-11.607780258381464,-7.814244157904961,34.81825649598587
11.78,-11.206569903740244,-6.968803795156836,34.740955687270564
11.790000000000001,-10.764862775418834,-6.174401307790208,34.54528290111094
11.8,-10.291653355799188,-5.443000105566265,34.24330871019967
11.81,-9.796758682826416,-4.783545559046924,33.849680866894715
11.82,-9.290610640494002,-4.201790859435354,33.38162494723473
11.83,-8.781433520895346,-3.6984510388997407,32.85608653985437
11.84,-8.276628382101922,-3.2722858841039866,32.28541644855311
11.85,-7.782958042475558,-2.9208565744098873,31.680579252102547
11.86,-7.306207737754281,-2.6402348367937583,31.05160187558435
11.870000000000001,-6.851185121052241,-2.4250029458464057,30.40757359039015
11.88,-6.421720262860027,-2.268253723773265,29.75664601422201
11.89,-6.020665651044184,-2.1615905403941715,29.10603311109172
11.9,-5.6498990499752795,-2.0956299671821417,28.461730305355076
11.91,-5.31026811845828,-2.0666953815401157,27.825238901367864
11.92,-5.001819506676409,-2.0709335416003087,27.19812838873406
11.93,-4.724346048439935,-2.1039144481493612,26.582296602368338
11.94,-4.477439014321973,-2.1617484179087585,25.979303175481583
11.950000000000001,-4.26048811165844,-2.2410860835348463,25.390369539580796
11.96,-4.0726814845482116,-2.3391183936187727,24.81637892446948
11.97,-3.913005713852883,-2.4535766126865717,24.257876358247042
11.98,-3.7801917139687267,-2.582774262983682,23.715117479721236
11.99,-3.6724335887071033,-2.7259691534713584,23.188726161052745
12.0,-3.588847619234423,-2.8823539411494634,22.679082311164443
12.01,-3.5287570280536675,-3.0513046617772686,22.186512011503268
12.02,-3.4914299375250915,-3.2325464624958378,21.711447698543385
12.030000000000001,-3.4760793698662233,-3.4261536018280614,21.254428163786102
12.040000000000001,-3.481863247151873,-3.63254944967852,20.816098553760185
12.05,-3.5078843913141133,-3.8525064873336854,20.397210370021387
12.06,-3.5531905241422974,-4.087146307461792,19.99862146915276
12.07,-3.6167742672830525,-4.337939614112864,19.62129606276457
12.08,-3.69805782194708,-4.606154125535219,19.266407298858947
12.09,-3.7976396854725367,-4.89236464612651,18.935240671245424
12.1,-3.9158727392004877,-5.1977543769748875,18.629108570779913
12.11,-4.053079693368024,-5.5234809956935695,18.34966565853933
12.120000000000001,-4.209564756842256,-5.870659798927978,18.098913822088203
12.13,-4.385613637120201,-6.240363702355488,17.87920217547883
12.14,-4.581493540328946,-6.633623240685804,17.693227059251022
12.15,-4.797453171225545,-7.051426567660705,17.544032040432274
12.16,-5.03372273319704,-7.494719456054116,17.43500791253774
12.17,-5.290463860099726,-7.964159492190543,17.369731865411946
12.18,-5.567676446744613,-8.457867033426584,17.35091206470363
12.19,-5.866515525818512,-8.976355980725005,17.38424354744354
12.200000000000001,-6.187914843326564,-9.519668190241294,17.475935916618354
12.21,-6.5322541844420705,-10.08622590247482,17.631871951910643
12.22,-6.899359373506822,-10.672831742269404,17.857607609698977
12.23,-7.28850227403089,-11.274668718812933,18.158372023057865
12.24,-7.698400788692661,-11.885300225637465,18.539067501757767
12.25,-8.12721885933886,-12.496670040619227,19.004269532265095
12.26,-8.57256646698453,-13.099102325978603,19.558226777742213
12.27,-9.031499631813045,-13.681301628280153,20.204861078047436
12.280000000000001,-9.500520413176186,-14.230352878432686,20.947767449735178
12.290000000000001,-9.975520138204132,-14.733483985997063,21.788678019702566
12.3,-10.450536368583702,-15.175821313616543,22.722755720161985
12.31,-10.91799336057207,-15.535012570780834,23.74328286594299
12.32,-11.36978670900972,-15.79140263934819,24.83973294136522
12.33,-11.797310386092622,-15.928511127488765,25.997565121067623
12.34,-12.191456741372226,-15.933032369684605,27.198224270008446
12.35,-12.542616501755457,-15.794835426729659,28.419140943465244
12.36,-12.840678771504717,-15.506964085729765,29.6337313870349
12.370000000000001,-13.07504646690765,-15.065568749817384,30.811403078092862
12.38,-13.237919420028092,-14.463701486259799,31.919564571216007
12.39,-13.32282555271459,-13.721315598737625,32.928136872648494
12.4,-13.324158087758933,-12.870240619630236,33.81191533291154
12.41,-13.239326625732302,-11.939282028000072,34.55132734982493
12.42,-13.068757144985284,-10.954221249592644,35.132432368507
12.43,-12.815892001647866,-9.937815656836538,35.546921881374615
12.44,-12.487189929629436,-8.909798568843405,35.79211942814322
12.450000000000001,-12.092126040618709,-7.886879251407789,35.87098059582679
12.46,-11.64201273411228,-6.886103392855651,35.79266245135418
12.47,-11.142534443888094,-5.945184398916554,35.57457435402962
12.48,-10.605048321293992,-5.083372070591693,35.232713880960056
12.49,-10.041606295646519,-4.311205083770356,34.78354063535253
12.5,-9.46334688760325,-3.6349180555326828,34.24481693166863
12.51,-8.880495209162788,-3.0564415441496573,33.63560779562446
12.52,-8.302362963664773,-2.573402049083106,32.97628096419068
12.530000000000001,-7.7373484457897765,-2.179122010985645,32.28850688559235
12.540000000000001,-7.19286605005813,-1.8645167671135323,31.587456566976268
12.55,-6.674096746515555,-1.6223504703862248,30.8754351621792
12.56,-6.184616897447873,-1.4446913582948202,30.159834876618127
12.57,-5.727224891640772,-1.3237254843024961,29.44686965806655
12.58,-5.303945598842068,-1.2517790539505413,28.741454024612356
12.59,-4.916030369761707,-1.2213184248583555,28.047203064657808
12.6,-4.563957036071759,-1.224950106723452,27.36643243691955
12.61,-4.247408194727862,-1.2555906770528313,26.700221780857206
12.620000000000001,-3.965098305617261,-1.3093174967488972,26.04957384543124
12.63,-3.715656140615225,-1.38283317362423,25.41505388021847
12.64,-3.497714468394189,-1.4729056272119025,24.79693957845254
12.65,-3.309820650740631,-1.5768996638686843,24.19543479768665
12.66,-3.1504366425550185,-1.6927769767750487,23.610669559793433
12.67,-3.017938991851809,-1.8190961459351747,23.042700050964942
12.68,-2.91061883975945,-1.9550126381769437,22.49150862171267
12.69,-2.826667245365502,-2.1002752424825855,21.95702048575532
12.700000000000001,-2.7643974130021234,-2.2549045528449065,21.439323658103675
12.71,-2.722980408998773,-2.4188194105462917,20.93846754114342
12.72,-2.701708944400602,-2.5921964854292714,20.45455653815182
12.73,-2.699854557352987,-2.7755149062070408,19.987807968718524
12.74,-2.716667613101514,-2.969556260463488,19.53855206874549
12.75,-2.751377303991979,-3.1754045946531932,19.107231990446962
12.76,-2.8031916494703886,-3.3944464141014286,18.694403802349495
12.77,-2.87129749608296,-3.6283706830041584,18.30073648929193
12.780000000000001,-2.9552456176120403,-3.87881839951726,17.927092254635937
12.790000000000001,-3.0556580099903483,-4.1468425787548515,17.57447167227628
12.8,-3.172931766610064,-4.433951643816771,17.243908140659205
12.81,-3.307488899239849,-4.741727774913037,16.936766862704637
12.82,-3.459795898699356,-5.071806900296537,16.654752644560624
12.83,-3.6303637348592313,-5.425878696263032,16.39990989560334
12.84,-3.8197478566411136,-5.805686587151153,16.174622628437078
12.85,-4.028548192017633,-6.213027745342405,15.981614458894239
12.86,-4.2573954394556255,-6.649634428012011,15.82393430967942
12.870000000000001,-4.506899841554545,-7.114995616476907,15.704809112000712
12.88,-4.778464006232573,-7.611318431736993,15.628540377705518
12.89,-5.073460330831812,-8.141033820456714,15.600105015965694
12.9,-5.392955029847386,-8.705163731231456,15.624927614081585
12.91,-5.737708134927484,-9.303321114587613,15.708880437482012
12.92,-6.108173494873361,-9.933709922982594,15.858283429724258
12.93,-6.504498775639337,-10.593125110804833,16.07990421249408
12.94,-6.926525460332794,-11.276952634373766,16.380958085605695
12.950000000000001,-7.373788849214263,-11.979169451939978,16.769108027001877
12.96,-7.845518059697099,-12.692343523684691,17.25246469275365
12.97,-8.340636026347958,-13.407633811720515,17.8395864170607
12.98,-8.856874393184148,-14.115580219556369,18.5367086863042
12.99,-9.389847198090937,-14.801239341033254,19.347701528528574
13.0,-9.93518155026061,-15.443131059622353,20.278987143685406
13.01,-10.486971926245902,-16.019482558080043,21.331546313311254
13.02,-11.037722535117783,-16.508360075140885,22.50069001354251
13.030000000000001,-11.578347318465568,-16.88766890551768,23.776059415115615
13.040000000000001,-12.098169950396514,-17.1351533999012,25.14162588336613
13.05,-12.584923837536412,-17.228396964960623,26.575690978230128
13.06,-13.02499096024447,-17.144328868718716,28.0513879848141
13.07,-13.408322047910273,-16.856708828357622,29.54256916873557
13.08,-13.720145213640519,-16.370816397894885,31.000429083501945
13.09,-13.946288411077152,-15.702894989299184,32.375743633435775
13.1,-14.076445500822487,-14.871060616993834,33.62760060602747
13.11,-14.104176250439215,-13.895301897856793,34.72339967193527
13.120000000000001,-14.026906334450373,-12.797480051220454,35.63885238498542
13.13,-13.845927334339427,-11.601328898872453,36.35798218217152
13.14,-13.566396738550177,-10.332454865054485,36.87312438365554
13.15,-13.194547161168813,-9.027303666826505,37.181270668942844
13.16,-12.734282330572551,-7.746463285530251,37.27935565274915
13.17,-12.19927895644258,-6.523846710360499,37.18062712657024
13.18,-11.60385712429199,-5.385344921733856,36.90332577694089
13.19,-10.96227140634794,-4.350826593678787,36.46977488810296
13.200000000000001,-10.288710861551543,-3.4341380938354593,35.90638034200528
13.21,-9.597299035558347,-2.6431034834563754,35.24363061830407
13.22,-8.90209396073761,-1.9795245174053928,34.51609679436231
13.23,-8.216416060976856,-1.4364032052307616,33.751787322522944
13.24,-7.549871984642814,-1.0005073865307819,32.958754943743266
13.25,-6.909884113246479,-0.6620106114313771,32.15033706875875
13.26,-6.302482724308737,-0.4103629336673935,31.33785120898753
13.27,-5.732303922253827,-0.23421310335481738,30.530388782654985
13.280000000000001,-5.202589638409254,-0.12140856699076275,29.734815114793605
13.290000000000001,-4.715187631006151,-0.05899546745353712,28.95576943724355
13.3,-4.270528017441637,-0.03383310686927256,28.195670541755902
13.31,-3.867546189710642,-0.040283580189147496,27.455232047009567
13.32,-3.504754060908104,-0.07287177819915412,26.734760177484723
13.33,-3.180492541545072,-0.12579062354875403,26.034355405492775
13.34,-2.8928787891295045,-0.19416275136944325,25.353896776996198
13.35,-2.639806208166272,-0.27404050927475204,24.693041911608542
13.36,-2.418944450157151,-0.3624059573602451,24.051227002594437
13.370000000000001,-2.2277159646095,-0.4571404166937375,23.427712604834003
13.38,-2.063648320022569,-0.5566611762913574,22.8219231071089
13.39,-1.9248291692671533,-0.6597596319709962,22.23331857345995
13.4,-1.8093858673304197,-0.7656287517732571,21.661386307476327
13.41,-1.7154434785461057,-0.8738585534866197,21.10565506172156
13.42,-1.6411247765945214,-0.9844361046474412,20.565695037733523
13.43,-1.584550244502549,-1.0977455225399555,20.041117886024438
13.44,-1.5438935221468326,-1.2145247751581003,19.53158664337868
13.450000000000001,-1.518073555133953,-1.3353145045983041,19.036880281500732
13.46,-1.5063967229231925,-1.4606410795576354,18.556795940739136
13.47,-1.5081806646351998,-1.5912460582917065,18.09117966917619
13.48,-1.5227756535793808,-1.728066937116528,17.63993874506889
13.49,-1.5495645972538934,-1.8722371504085293,17.20304167684883
13.5,-1.587963037345648,-2.0250860706045595,16.78051820312221
13.51,-1.6374467417068324,-2.1881197900049996,16.372468465229446
13.52,-1.6980389213322173,-2.3626469002158985,15.979125737370088
13.530000000000001,-1.7700303834592142,-2.549933205596803,15.600704944388449
13.540000000000001,-1.853736409884116,-2.751430712366951,15.23755278699397
13.55,-1.9495410584149555,-2.968754499312496,14.890188705179115
13.56,-2.0578971628714555,-3.203682717786377,14.559304878219628
13.57,-2.179326333085039,-3.4581565917083514,14.24576622467447
13.58,-2.314418954898832,-3.734280417564993,13.950610402385827
13.59,-2.4638970188188574,-4.034170310235846,13.675153564832799
13.6,-2.6289550673907054,-4.359555574798602,13.421199698173213
13.61,-2.810720415696008,-4.713188762497537,13.190163903699199
13.620000000000001,-3.0103799443561505,-5.097834399749936,12.984006612141163
13.63,-3.2292303846317942,-5.516097889553089,12.805366395478401
13.64,-3.4686783184230885,-5.970425511484699,12.657559966938862
13.65,-3.7302401782695354,-6.4631044217026155,12.54458218099931
13.66,-4.015542247350019,-6.996262652944899,12.471106033385285
13.67,-4.326320659482809,-7.571869114529823,12.44248266107109
13.68,-4.66442139912556,-8.191733592355874,12.464741342279812
13.69,-5.031741116266238,-8.857357290687217,12.544534464497817
13.700000000000001,-5.42877672627419,-9.566487392951863,12.688412334696705
13.71,-5.857655608098489,-10.32086727557626,12.90683831967887
13.72,-6.320606051633651,-11.121510451429797,13.21152008089772
13.73,-6.818799495410389,-11.965644619053561,13.614074005827002
13.74,-7.352350526595684,-12.846711662660454,14.12602520796081
13.75,-7.920316880992775,-13.754367652135207,14.758807526813607
13.76,-8.520699443041176,-14.674482843034362,15.52376352792021
13.77,-9.150442245816656,-15.589141676586287,16.432144502835786
13.780000000000001,-9.805432471031374,-16.476642779691318,17.49511046913607
13.790000000000001,-10.480500407676557,-17.311499559047014,18.72372973581003
13.8,-11.16807940476645,-18.06925585736587,20.12109495121096
13.81,-11.85640605505443,-18.710134627110683,21.68045527245015
13.82,-12.531878787926734,-19.18821834336723,23.38964697327612
13.83,-13.179143216013284,-19.464215281157813,25.225719757806083
13.84,-13.781092135187677,-19.505459515441277,27.154936760525924
13.85,-14.318865524567194,-19.28591092111299,29.132774546290214
13.86,-14.771850546512796,-18.786155173004847,31.103923110322192
13.870000000000001,-15.11884447184908,-17.988953011502907,33.00297087413138
13.88,-15.345073498019328,-16.88890837496552,34.76117352050208
13.89,-15.435135585678513,-15.551529764633205,36.31457653095456
13.9,-15.379332918780882,-14.04298769200546,37.6134817371989
13.91,-15.175029109465727,-12.420806837375487,38.62339018112929
13.92,-14.826649198057378,-10.733866049830208,39.32500211482396
13.93,-14.345679653065211,-9.022398347250247,39.714217000545226
13.94,-13.750668371183641,-7.317990916309942,39.80213351073947
13.950000000000001,-13.057603982876707,-5.679939875553549,39.615534107811136
13.96,-12.2812104813682,-4.182279755160936,39.19187059271962
13.97,-11.445061994728526,-2.8527686070827185,38.57111985524324
13.98,-10.57120108720221,-1.7068517793957252,37.79547794884212
13.99,-9.680114204239917,-0.7477524682868006,36.909361791982406
14.0,-8.790731672498453,0.03352828194719937,35.95940916813625
14.01,-7.919914036493166,0.6549453469585179,34.98413730980313
14.02,-7.080015769695222,1.1335840136546818,33.99724248473815
14.030000000000001,-6.280336407315147,1.4885497736796023,33.01545482082328
14.040000000000001,-5.527907103295147,1.738949407675532,32.05170460219752
14.05,-4.827488582186993,1.9038058683546053,31.114803399829697
14.06,-4.181571139152603,2.002058280498568,30.20944407151923
14.07,-3.5905298757830706,2.0508895503681828,29.336963053141645
14.08,-3.0531330443219957,2.061255623241786,28.497816259151776
14.09,-2.5671148244332436,2.043601697253694,27.690997352498833
14.1,-2.1298157129696076,2.0069884958277107,26.915223226452124
14.11,-1.7382014634838767,1.9589689140750095,26.168998456100063
14.120000000000001,-1.3888630862287834,1.9055880187941243,25.450615298350034
14.13,-1.0780165071616947,1.8513837269009885,24.758154020602287
14.14,-0.801598349729854,1.799747824740619,24.08974254006046
14.15,-0.5560664233080256,1.7533834554898093,23.44393642283607
14.16,-0.3381151776769067,1.7143718442087752,22.819420298318295
14.17,-0.14445151672571155,1.6843144120774631,22.214997234204453
14.18,0.028205201547828684,1.6643327763955509,21.629588736500004
14.19,0.18312316503746673,1.6550687505824475,21.062234749518556
14.200000000000001,0.32333864074693863,1.6568640071179903,20.512131078043364
14.21,0.45106551798382105,1.6702424243344371,19.978703851175766
14.22,0.5683546182422604,1.6956400039346,19.461457120206422
14.23,0.6772518364693707,1.7333887483918533,18.95994217488052
14.24,0.7797975561905646,1.7837174142141263,18.473757654909075
14.25,0.8780266495095541,1.8467515119439046,18.002549549968926
14.26,0.9738527778605601,1.922616301984118,17.546045909019014
14.27,1.0685741172673255,2.011859388688584,17.104138267340378
14.280000000000001,1.163375376296615,2.115130656749338,16.676762710381176
14.290000000000001,1.2595070566022817,2.233110137841524,16.26392183880813
14.3,1.3582824595918166,2.3665119844319795,15.865687153275655
14.31,1.461077686426281,2.5160844697791704,15.482199054426157
14.32,1.569330188555268,2.6826130217609454,15.113674576615711
14.33,1.6843092737899779,2.8671520086532123,14.760524271854498
14.34,1.8069249470004736,3.0712032629843096,14.423229795090412
14.35,1.938181477885316,3.2963748093849774,14.10245001307656
14.36,2.079234678611025,3.544343776371665,13.799069724685186
14.370000000000001,2.2313919038121095,3.816856396346583,13.514199660907629
14.38,2.3961120505909554,4.115728005597505,13.249176484854518
14.39,2.575005558517989,4.442843044298059,13.00556279175547
14.4,2.769800457904472,4.80003984285874,12.785267432594608
14.41,2.9819718306384653,5.1893683696361075,12.590854445096953
14.42,3.212906023410991,5.614127340631983,12.42478276589794
14.43,3.4641173800555576,6.077350711513593,12.290245497163532
14.44,3.737245876842107,6.581652302630055,12.191280684257837
14.450000000000001,4.034057122477071,7.12922579901248,12.132771315743096
14.46,4.356442358103157,7.721844750373577,12.120445323379712
14.47,4.70641845729966,8.360862571108232,12.160875582126197
14.48,5.086127926082263,9.047212540293131,12.261479910139212
14.49,5.497811825943258,9.781361789100606,12.430487108738907
14.5,5.941331594818282,10.559587178350455,12.67474197540782
14.51,6.418322189962144,11.381577515048386,13.006973430911701
14.52,6.931225456390912,12.24667302771844,13.44219829903716
14.530000000000001,7.480931885601526,13.14943729133592,13.99416290088182
14.540000000000001,8.066780615571393,14.079657227326745,14.675343054853897
14.55,8.686559430758978,15.02234310356842,15.496944076672799
14.56,9.33650476210342,15.957728534389389,16.468900779368745
14.57,10.011301687024622,16.8612704805692,17.599877473282852
14.58,10.704083929423259,17.703649249338504,18.897267966067155
14.59,11.40643385968077,18.45076849437906,20.36719556268457
14.6,12.108312884312843,19.068245761215124,22.010648785445603
14.61,12.794784853989531,19.517879386466277,23.806256597931206
14.620000000000001,13.44714172399262,19.7497006416173,25.722202293532792
14.63,14.046331855287072,19.725215085306694,27.71865141453035
14.64,14.573039288201066,19.418307904970092,29.747529974127936
14.65,15.007683742425522,18.815243916840068,31.75252445645233
14.66,15.33042061701422,17.914667565946186,33.66908181655337
14.67,15.521765863288662,16.724498613084556,35.42349779082735
14.68,15.569712349245114,15.266143050164292,36.94133440597842
14.69,15.4669710132486,13.623849517325933,38.18141112446542
14.700000000000001,15.212006295388884,11.878725711967228,39.11825887339262
14.71,14.809877396981552,10.098253037139814,39.73863732775785
14.72,14.272238280567752,8.336286601547343,40.04153491045355
14.73,13.617337669914328,6.633055219546714,40.038168792265985
14.74,12.869898594332012,5.015580305164447,39.75213442375012
14.75,12.048993155572466,3.537735213823187,39.23244513469526
14.76,11.174517558484908,2.2420450609186946,38.531635037221086
14.77,10.269888350391833,1.1390370005350707,37.693325980765216
14.780000000000001,9.355888770991905,0.2280277336231693,36.75947598040962
14.790000000000001,8.45066875236061,-0.5028764919987827,35.770379216881224
14.8,7.569746688772259,-1.076000291811885,34.763570731306956
14.81,6.725267333234241,-1.5109874049488254,33.757524174499785
14.82,5.925445548959183,-1.8274467059335497,32.76463740923188
14.83,5.1762168915451205,-2.0454586042710177,31.795800968183393
14.84,4.481430357061797,-2.183977638323222,30.85820621343922
14.85,3.8428483820506587,-2.260832475309184,29.955345336489053
14.86,3.26025024055022,-2.2922624543371786,29.087542161920116
14.870000000000001,2.7319429593771485,-2.2900527853984736,28.25470699478189
14.88,2.255168647156396,-2.263995598380118,27.455279075510425
14.89,1.8268472308349706,-2.2225968979662114,26.68748877433743
14.9,1.4436278816420067,-2.1729864620992587,25.94953840114855
14.91,1.1018890150886649,-2.120917841980173,25.23960220548323
14.92,0.7977382909681325,-2.0707683620682733,24.555826376534707
14.93,0.5270191406159459,-2.0255759861866323,23.896334515403655
14.94,0.28577246357561586,-1.9877174245440858,23.25946921939457
14.950000000000001,0.07066208880113922,-1.9590914102987347,22.643955890847923
14.96,-0.12155831558779795,-1.9411524767717094,22.048658303647084
14.97,-0.29410145325737824,-1.9349718198241455,21.472558224036
14.98,-0.4501463996594959,-1.9412372978572052,20.914755410619648
14.99,-0.5928107815804725,-1.9602774844920043,20.374474224618076
15.0,-0.7246034625839093,-1.9924953705873862,19.851164604514814
15.01,-0.8475473285796142,-2.0383960952723283,19.34442353752552
15.02,-0.9636542538069937,-2.098411980694263,18.85390615084893
15.030000000000001,-1.0749295750055232,-2.172915878021793,18.37932833033392
15.040000000000001,-1.1833720914146701,-2.2622211674446344,17.920466720479844
15.05,-1.2909618333514792,-2.3665976790299976,17.477169197820892
15.06,-1.3992833431348553,-2.4866082362031725,17.049452163303087
15.07,-1.5095112182007908,-2.6231457876971183,16.637435873298685
15.08,-1.6228912249921277,-2.7771522303622205,16.24134173777429
15.09,-1.7407687680539912,-2.949607280244509,15.86150106152679
15.1,-1.8645888900337912,-3.141528472585655,15.49835504418335
15.11,-1.9958962716812205,-3.353971161822975,15.152454780201417
15.120000000000001,-2.1363069159356374,-3.5880404763859257,14.82451125469926
15.13,-2.2870826251296035,-3.845288594405192,14.515559057594615
15.14,-2.449259329628467,-4.127739379964837,14.22670239186092
15.15,-2.624029987643648,-4.437428467354489,13.959395326900829
15.16,-2.812755627628181,-4.776379904924001,13.715478553245166
15.17,-3.0169653482767145,-5.146606155083458,13.497179382552927
15.18,-3.238356318525509,-5.550108094303176,13.307111747611282
15.19,-3.4787937775524402,-5.988875013113699,13.148276202335568
15.200000000000001,-3.7402524078283066,-6.4646964532144775,13.024100659957854
15.21,-4.024171649709347,-6.978376395468135,12.93894094976383
15.22,-4.33230794791025,-7.533607736012206,12.897703470501426
15.23,-4.666434943864852,-8.13347728666905,12.906132525772584
15.24,-5.028160185495418,-8.779573997171962,12.970937807634646
15.25,-5.418925127212644,-9.47198895516517,13.099794396600362
15.26,-5.840005129915651,-10.20931538620383,13.30134276163788
15.27,-6.292509460991999,-10.988648653754035,13.585188760170752
15.280000000000001,-6.777381294317759,-11.80558625919296,13.96190363807801
15.290000000000001,-7.295397710257174,-12.654227841808275,14.443024029693877
15.3,-7.846894562349599,-13.527281924139126,15.040383830004219
15.31,-8.428596022732693,-14.415111348843718,15.760958349096942
15.32,-9.03884379091893,-15.300015437536207,16.62159120334649
15.33,-9.674820590628833,-16.160192192301917,17.63630641205639
15.34,-10.331203939840638,-16.97074079841612,18.812286473470333
15.35,-11.0001661507903,-17.70366162434402,20.1498723647722
15.36,-11.671374329971483,-18.32785622174075,21.64256354208605
15.370000000000001,-12.331990378135693,-18.809127325451463,23.277017940476412
15.38,-12.966670990291785,-19.110178853511,25.033051973947114
15.39,-13.557968985884486,-19.190822459679797,26.884199108589264
15.4,-14.091089286004086,-19.018608020258064,28.795761917502727
15.41,-14.544378475894627,-18.579433438664136,30.70222611626427
15.42,-14.897374885486975,-17.870965141433125,32.53792475392785
15.43,-15.133950604569103,-16.902212734787696,34.24421722027269
15.44,-15.24231148278608,-15.693529004638053,35.769489245803314
15.450000000000001,-15.214997129640054,-14.276609916581686,37.06915290174973
15.46,-15.048880914490299,-12.69449461590441,38.10564660006654
15.47,-14.743025238663417,-11.009905682652096,38.84339405786667
15.48,-14.304549803447102,-9.29799079772016,39.27549421173122
15.49,-13.747512513390886,-7.620316509280502,39.41836529397346
15.5,-13.088132204504738,-6.027546879768598,39.29504734914419
15.51,-12.344788205341946,-4.559444340089309,38.93520082558466
15.52,-11.538020336999104,-3.2448696896168876,38.3751065754266
15.530000000000001,-10.690528913115974,-2.101782096194773,37.65766585459206
15.540000000000001,-9.824961751794298,-1.1360147043171818,36.82986781799104
15.55,-8.95822507647398,-0.340351766163117,35.9287363852312
15.56,-8.106091603068576,0.29671580495754624,34.983838711798334
15.57,-7.281548980770112,0.790288781429286,34.01975795867399
15.58,-6.49469551765364,1.159110931362648,33.05605837521173
15.59,-5.752754840617238,1.4254144966551046,32.10725427934001
15.6,-5.060477613501631,1.6075529520707474,31.18152765702759
15.610000000000001,-4.420083713778276,1.7206614597137717,30.28306256064508
15.620000000000001,-3.832352891190292,1.7795513131038208,29.414685778078756
15.63,-3.296968071920495,1.797183306600581,28.57771870902742
15.64,-2.8125153585918565,1.7846677354036942,27.77197736500307
15.65,-2.3764378411255804,1.7513116500783341,26.9960290328639
15.66,-1.9854223689548458,1.7044408390819767,26.248564194742336
15.67,-1.6363578999694848,1.6496193710078773,25.52789891315205
15.68,-1.3260344216683684,1.5915394800284008,24.832392180178054
15.69,-1.0511102233413165,1.5340674621271062,24.160515040414595
15.700000000000001,-0.8081118960690601,1.4802436750987367,23.510850590965045
15.71,-0.5934343327234051,1.4322825385492577,22.882093981442374
15.72,-0.40334072796697606,1.3915725338957983,22.27305241396844
15.73,-0.23420164658265455,1.3588273965619886,21.682643388857592
15.74,-0.08364036786641171,1.3349460602690526,21.109959807427327
15.75,0.05070160810726404,1.3205624860094807,20.55426618240135
15.76,0.1711851729897601,1.3160906239948111,20.014890518538905
15.77,0.2801203489583144,1.3217569239567335,19.491219237760284
15.780000000000001,0.37976628871603235,1.3376003351470926,18.982697179146733
15.790000000000001,0.4721602989527456,1.36361954704033,18.48885991810402
15.8,0.5587867753091615,1.4000772425574461,18.00936431096579
15.81,0.6410704928422151,1.4472210325404347,17.543896511736104
15.82,0.7204231443916284,1.50529531397303,17.092179894765398
15.83,0.7982425068376182,1.5745421081416895,16.653975284496173
15.84,0.8759138347594027,1.655204405349085,16.22908378599187
15.85,0.9546386217928533,1.7477046095744817,15.817384710978986
15.860000000000001,1.0352870506624874,1.8527588960767014,15.418818424128457
15.870000000000001,1.1187694675066,1.9711586533895968,15.033389238233102
15.88,1.2060792098557773,2.1037508608037876,14.661170686814241
15.89,1.2982926066328386,2.2514380883665863,14.302305524121982
15.9,1.3965689781528514,2.4151784968820196,13.957005725135147
15.91,1.5021364372373673,2.5960073218786452,13.62558644332053
15.92,1.6159999234462026,2.795343973993943,13.30855034671332
15.93,1.7389983701223939,3.0149394724616476,13.00641799337489
15.94,1.8721191453902697,3.256645947632131,12.719943470170332
15.950000000000001,2.0165106773554347,3.5224108504999565,12.450139325409792
15.96,2.173482454104665,3.8142769527036866,12.198276568848677
15.97,2.344505023706061,4.134382346526163,11.965884671687354
15.98,2.5312099942089468,4.484960444894326,11.754751566571358
15.99,2.73537050935251,4.868203980493297,11.567035111936436
16.0,2.958608187764009,5.286093807811452,11.405807678032918
16.01,3.2025051020344546,5.742542967125523,11.273743952249262
16.02,3.468762204567246,6.241273691986507,11.174312523913768
16.03,3.7591883193297315,6.785418737517429,11.11204168029342
16.04,4.075700141852484,7.377521380411992,11.092519406594132
16.05,4.42032223923013,8.019535418936126,11.12239338596058
16.06,4.7951870501204485,8.7128251729263,11.209370999476247
16.07,5.202534884745354,9.458165483791358,11.362219326163524
16.080000000000002,5.644713924889988,10.255741714510826,11.590765142983535
16.09,6.123638636365847,11.104416143570305,11.905192525638633
16.1,6.638501080116078,11.998968979617366,12.315225834869047
16.11,7.191801119639134,12.937355938981387,12.839178262948412
16.12,7.784946042555743,13.9131181989632,13.494586655622161
16.13,8.41729272934692,14.913977544390157,14.296643815565659
16.14,9.086147653355651,15.921836367618871,15.258198502386088
16.15,9.786766880785096,16.91277766853242,16.38975543262015
16.16,10.512356070700488,17.857065054543163,17.699475279736802
16.17,11.254070475027413,18.719142740590243,19.193174674134617
16.18,12.001014938552537,19.457635549140818,20.874326203142672
16.19,12.74063784375202,20.031206482915863,22.74006724630924
16.2,13.45511839375689,20.39449645870805,24.760405816403274
16.21,14.1220357365919,20.493248741918933,26.890552145364083
16.22,14.71921736746942,20.288628394550862,29.07809523159011
16.23,15.224837333002217,19.757862595393348,31.262968009816326
16.240000000000002,15.617416231201911,18.894240640023302,33.37744735110884
16.25,15.875821211479794,17.707113940805336,35.346154062867356
16.26,15.980785306376717,16.215763120847527,37.08319143471036
16.27,15.922804484347814,14.472228881602268,38.51561454843703
16.28,15.698527588032618,12.580289785052384,39.615129172876486
16.29,15.311382267087614,10.629727757190482,40.36760687336437
16.3,14.771816052542215,8.69288463919883,40.771271889121465
16.31,14.097296356799857,6.824662187454793,40.83670113325157
16.32,13.312310473636483,5.062522073525395,40.58682419274269
16.330000000000002,12.445742255481727,3.4354654507621776,40.06097862320306
16.34,11.516866052544144,2.0038314540378313,39.328576795260176
16.35,10.55096885737124,0.7860829293612532,38.44412224205211
16.36,9.571886190881726,-0.21778546537114885,37.45540015278191
16.37,8.600195380747532,-1.0198379729648845,36.406439102342894
16.38,7.653218301194202,-1.6441082171148844,35.337417930392306
16.39,6.744785804059681,-2.115629890000027,34.27392726266464
16.4,5.884316339298543,-2.4563185332435635,33.22930068708156
16.41,5.078393220714474,-2.6893940037267154,32.215223124128194
16.42,4.331231548793987,-2.8364623706859513,31.239167613234226
16.43,3.6446782107054148,-2.9175159157134845,30.304395312772698
16.44,3.0184258508761745,-2.9504634598139234,29.41083124486446
16.45,2.4505499541611933,-2.9486641045530915,28.557800344792046
16.46,1.937886106715768,-2.9229895133284334,27.74293401767989
16.47,1.4769564066670404,-2.8828145750200314,26.963823962818438
16.48,1.064005281175712,-2.836003586197534,26.218126532161488
16.490000000000002,0.6949994864372324,-2.7889102511202384,25.50356273032817
16.5,0.36562810768124177,-2.746377681737051,24.81791821460206
16.51,0.07129964699877553,-2.711746360718624,24.159040891391708
16.52,-0.19260411554413776,-2.6874589746807085,23.524903719084616
16.53,-0.42977220492380164,-2.6755847050834634,22.914062805151865
16.54,-0.6436699735944205,-2.6777384424188004,22.32533485755516
16.55,-0.837764424172579,-2.6951713324207467,21.75767394018742
16.56,-1.0155242094366301,-2.728770776065437,21.210171472874435
16.57,-1.1804196323272518,-2.779060429571165,20.682056231373274
16.580000000000002,-1.3357560602205025,-2.846310455482308,20.172748415193297
16.59,-1.483825478189612,-2.93115436342387,19.682049115595856
16.6,-1.6266611093385808,-3.034302708714552,19.20987713805387
16.61,-1.7663480251104033,-3.1564146415873475,18.756244692570856
16.62,-1.9050155269193532,-3.2981038037411903,18.321262245691248
16.63,-2.0448371461505808,-3.459938328340607,17.9051385205017
16.64,-2.1880274189025912,-3.6424421673595555,17.508186560762365
16.65,-2.3364715402062357,-3.8463796360082565,17.13101748356424
16.66,-2.4914267766580207,-4.07310668286033,16.774459146325512
16.67,-2.6542069825538577,-4.324030859201575,16.439542846588843
16.68,-2.826266993462357,-4.600528092720502,16.12755575797279
16.69,-3.009202626225024,-4.903942687508668,15.840040930171517
16.7,-3.2047506789558207,-5.2355873240599635,15.57879728895555
16.71,-3.4147889310416897,-5.596743059271484,15.34587963617096
16.72,-3.6411942684716148,-5.988498574639585,15.14370918810309
16.73,-3.885257875923763,-6.412388391664126,14.975394438319919
16.740000000000002,-4.148287551525446,-6.870877104423094,14.844428058989553
16.75,-4.431620074486947,-7.365769064191331,14.754940038479575
16.76,-4.736602849586771,-7.898133479913916,14.711719746833598
16.77,-5.06459390717092,-8.468304418204909,14.720215935771456
16.78,-5.416961903153759,-9.075880803348857,14.786536738689076
16.79,-5.795086119017087,-9.719726417299176,14.917449670658453
16.8,-6.20035646181114,-10.397969899679882,15.120381628427845
16.81,-6.633021084411808,-11.107318540758254,15.40123584495041
16.82,-7.090974728357976,-11.842199556288433,15.764918116979327
16.830000000000002,-7.575885150875008,-12.597506208632401,16.22705179161589
16.84,-8.088179388810325,-13.365146218408997,16.8008840607879
16.85,-8.626589777141493,-14.133761225285989,17.49627146365786
16.86,-9.188153948974941,-14.888726787978168,18.31967988662141
16.87,-9.768214835547465,-15.612152384249516,19.274184563309344
16.88,-10.360420666224657,-16.282881410911074,20.359470074585246
16.89,-10.956724968502538,-16.876491183822978,21.571830348548204
16.9,-11.547386568005884,-17.365292937892594,22.90416866052975
16.91,-12.12096958848991,-17.718331827076142,24.345997633097255
16.92,-12.664485689388712,-17.901658751512482,25.883504878647397
16.93,-13.166613484583799,-17.89123972923342,27.49315454590561
16.94,-13.610456198486395,-17.672127501873074,29.126750643917298
16.95,-13.978959327864747,-17.23523658882603,30.734620420738008
16.96,-14.257993171585408,-16.580402843254323,32.270816386933035
16.97,-14.436352830612208,-15.716383452088678,33.6931163155729
16.98,-14.50575820800702,-14.660856936026669,34.96302324223768
16.990000000000002,-14.460854008929246,-13.440423149534677,36.045765465013346
17.0,-14.298837467091904,-12.091365812152144,36.908918844531385
17.01,-14.019448250272523,-10.66712075659002,37.524448882599614
17.02,-13.63074154886,-9.222550178302825,37.894195614366126
17.03,-13.143611136748246,-7.8043162761383975,38.02878936230477
17.04,-12.57085234104565,-6.451191218471916,37.94400621828231
17.05,-11.927162042073705,-5.194057143201934,37.66076804355883
17.06,-11.22913867336862,-4.055906157754173,37.20514246878794
17.07,-10.495282221679508,-3.051840339077989,36.608342894016
17.080000000000002,-9.743941678781121,-2.188760338043454,35.90635550926889
17.09,-8.988783465433963,-1.464795436519894,35.130474728756404
17.1,-8.243152558762157,-0.8734231907147423,34.304493257134226
17.11,-7.518288054940018,-0.40493677508076864,33.448950756951874
17.12,-6.823232272512559,-0.046447912610585895,32.581201059458095
17.13,-6.164830752397525,0.2181131251619961,31.715412164603286
17.14,-5.54779896622077,0.4069013172735766,30.86215676486732
17.150000000000002,-4.97497685102525,0.5310968316919722,30.025721792604422
17.16,-4.4473445730604215,0.6018604418998877,29.209109171976653
17.17,-3.9650518141462703,0.6299037586883574,28.414633167122172
17.18,-3.5275335402382475,0.6246287186292199,27.643600351704197
17.19,-3.1335100014258987,0.5941275840752149,26.896309608908762
17.2,-2.7809834195707475,0.5451811367506435,26.17206476882863
17.21,-2.4672439741481957,0.483100971930007,25.470055815158346
17.22,-2.189637620906436,0.41194828444027104,24.789530198958158
17.23,-1.9455733789101566,0.3350727648207954,24.129549590054477
17.240000000000002,-1.7323987097965454,0.25514288016275705,23.48920707756834
17.25,-1.5473995177749404,0.17414587410908028,22.867627169914645
17.26,-1.3878001496266863,0.09338776685434447,22.263965794801518
17.27,-1.2507905260784846,0.013520125275750892,21.67741341185327
17.28,-1.1341016492767462,-0.06495457042200041,21.107271094383513
17.29,-1.03590990031259,-0.14168495203083534,20.55294598676617
17.3,-0.9544319319090531,-0.2165934637521662,20.013883054488275
17.31,-0.8879375983288769,-0.2898391189819822,19.48956415156451
17.32,-0.8347499553742704,-0.3618175003110624,18.979508020535686
17.330000000000002,-0.7932610931882458,-0.4331477082071196,18.483272517308528
17.34,-0.7623162223718801,-0.5043546056812921,18.000489523041253
17.35,-0.7411094928195354,-0.5758927447834041,17.530822846915783
17.36,-0.7288716928912995,-0.6483376206875845,17.07395367700402
17.37,-0.7248826563129753,-0.7223707310746353,16.629586667731143
17.38,-0.7284712621761175,-0.7987795761318254,16.197449939876897
17.39,-0.7390235965090394,-0.8784522175035633,15.777296741877748
17.400000000000002,-0.7562034553458188,-0.9621987020368535,15.368921139832135
17.41,-0.7799268515710768,-1.0507293277255498,14.97212854383512
17.42,-0.8101490424518416,-1.1448513300783776,14.586755800990547
17.43,-0.8468629325308887,-1.2454774000387032,14.212678687885235
17.44,-0.8900990736268268,-1.3536256839848022,13.849811910587889
17.45,-0.9399256648339931,-1.470419783729571,13.498109104650151
17.46,-0.9964754958949528,-1.5970762300270096,13.157574951653087
17.47,-1.0601610421507675,-1.7347539206556173,12.828293775401962
17.48,-1.1314517947803417,-1.88466101003849,12.51032139011547
17.490000000000002,-1.2108777148507415,-2.0481627224215138,12.203822569031288
17.5,-1.2990529021336628,-2.2267785089543874,11.909092112018312
17.51,-1.3966755951055392,-2.4221820476908356,11.626554845576363
17.52,-1.5045281709473146,-2.636201243588148,11.35676562283691
17.53,-1.6234771455447208,-2.8708182285077397,11.100409323562262
17.54,-1.7544785367474822,-3.1281550257293675,10.858312300520305
17.55,-1.8992061623443663,-3.408939711869023,10.632633983285432
17.56,-2.058956141016657,-3.7157769936984844,10.424343489534818
17.57,-2.234666101005516,-4.052715628207029,10.23390931901331
17.580000000000002,-2.4274998787992255,-4.423585721605748,10.062680868000141
17.59,-2.6388475191333267,-4.831998729327818,9.912888429308675
17.6,-2.8703252749908765,-5.281347456028993,9.787643192286273
17.61,-3.1237756076019005,-5.774806055586543,9.690937242814652
17.62,-3.401267186444057,-6.315330031100553,9.627643563309533
17.63,-3.7050948892419093,-6.905656234892498,9.6035160327209
17.64,-4.037779801967723,-7.548302868506797,9.62518942653284
17.650000000000002,-4.402069218840731,-8.24556948270938,9.700179416763632
17.66,-4.800936642327405,-8.99953697748823,9.836882571965635
17.67,-5.237581783141933,-9.812067602054292,10.044576357225525
17.68,-5.713725512988993,-10.682611051180835,10.33287205647283
17.69,-6.229043660978346,-11.609023779163099,10.715140789919813
17.7,-6.78708128640093,-12.593026649624381,11.209763101976517
17.71,-7.389789597578656,-13.630362510280944,11.834481361976966
17.72,-8.03724336043393,-14.710369755713572,12.606208280727783
17.73,-8.727640898491364,-15.815982327370477,13.541026910509995
17.740000000000002,-9.45730409287621,-16.92372971356468,14.654190645077245
17.75,-10.220678382314983,-18.003736949475112,15.960123219656314
17.76,-11.010332763136336,-19.019724617147826,17.472418710948823
17.77,-11.81695895924081,-19.929174288252703,19.20373555410321
17.78,-12.627764977245944,-20.691308279289174,21.15122365788131
17.79,-13.423306979227432,-21.2423149600293,23.291532281658753
17.8,-14.181558145269545,-21.5184654332127,25.589810578388164
17.81,-14.878832774357639,-21.470523681114315,27.996325132036947
17.82,-15.48978628438028,-21.063746565545085,30.446459957593746
17.830000000000002,-15.987415212127456,-20.277883827851813,32.86071650106254
17.84,-16.343352317014766,-19.105600063902173,35.144569930265746
17.85,-16.53668348763067,-17.54552989735673,37.19430835727254
17.86,-16.55103920591155,-15.692878835892929,38.931437316751854
17.87,-16.37718494896344,-13.654887826314397,40.30168394350021
17.88,-16.015886526534477,-11.521589975350063,41.27174057252528
17.89,-15.477910081014432,-9.365810549648511,41.829264739049705
17.900000000000002,-14.784022087435453,-7.243166975783204,41.98287917850836
17.91,-13.963538168284149,-5.197770499460188,41.76320998459055
17.92,-13.036459473696498,-3.32808678856551,41.23304037135745
17.93,-12.031329667202495,-1.6885564768285608,40.45771205319348
17.94,-10.978432789639628,-0.29833238747418456,39.499407507969195
17.95,-9.905310261844235,0.8419092461040236,38.41989330035325
17.96,-8.83676088464857,1.7499687803476602,37.28052008180983
17.97,-7.7939606132348835,2.4533624243189798,36.126837691530824
17.98,-6.792273861823645,2.9777306389370173,34.98039222586917
17.990000000000002,-5.843220418827296,3.3515903799887212,33.86177196106091
18.0,-4.95497021357969,3.6027059184721155,32.78503910765649
18.01,-4.132343306745164,3.7580885471951357,31.757729254452975
18.02,-3.377086185848654,3.8430281936697988,30.781696298156405
18.03,-2.688636526079004,3.875630000055143,29.856940385080495
18.04,-2.0642007650340055,3.8710409385811033,28.98077082820259
18.05,-1.500413037799679,3.8424313851178615,28.150191210895965
18.06,-0.993445105676757,3.80084885085062,27.36213357356288
18.07,-0.5390063561790757,3.7552179822795386,26.613458413632216
18.080000000000002,-0.13234380303488447,3.7123405612198233,25.90095468556147
18.09,0.23180634283231713,3.6769700286839235,25.22135324957362
18.1,0.5589442426677069,3.6528444595114316,24.571891643751
18.11,0.8533791219051959,3.6428310489589877,23.950657760006063
18.12,1.1192606596753014,3.6492025586131205,23.35600589337633
18.13,1.3607739114107293,3.673748424938497,22.78651020588238
18.14,1.5821393088471376,3.717774759277945,22.24096472652617
18.150000000000002,1.7876126600225108,3.7821043478524077,21.718383351292463
18.16,1.9813637856852717,3.8671215110639077,21.21804221215983
18.17,2.1663095923759874,3.97340758673123,20.739807418748224
18.18,2.3448005359641,4.101781640451009,20.28382035237745
18.19,2.5192622719995663,4.2529605647891735,19.850346352015578
18.2,2.6921812850856326,4.427553403765295,19.43978528252201
18.21,2.866104888879337,4.626061352853015,19.052671534646244
18.22,3.0436412260910117,4.848877758979552,18.689674025029056
18.23,3.2273214994873065,5.096329465015749,18.351691226575422
18.240000000000002,3.4187526180129226,5.369345096209586,18.04020800819681
18.25,3.619263417862973,5.669227829665507,17.75695592259515
18.26,3.8302897865380237,5.9970618989471856,17.50396765885364
18.27,4.053370138792518,6.353698303748458,17.28358999338439
18.28,4.290145416635377,6.7397548098942535,17.0984837899277
18.29,4.542359089329363,7.155615949339582,16.95162399955269
18.3,4.811857153391756,7.601433020170631,16.84629966065678
18.31,5.100100261700936,8.076713559113568,16.78595066864126
18.32,5.407800780701949,8.581480721439846,16.77515611441202
18.330000000000002,5.7359879021313915,9.116232354826197,16.819652910383557
18.34,6.085371201751472,9.680007881010958,16.925244557767954
18.35,6.456325410028274,10.27036246251486,17.097787375039832
18.36,6.848890412130872,10.883367002639604,17.34319049793603
18.37,7.262771247932379,11.513608145469528,17.667415879456094
18.38,7.697338112008843,12.154188275869878,18.076478289861587
18.39,8.151626353640406,12.79672551948859,18.576445316677002
18.400000000000002,8.624182411850455,13.431792152501547,19.173006232550964
18.41,9.111260690180575,14.050472946426115,19.868303263886567
18.42,9.608828290808553,14.634759345055773,20.667383540706922
18.43,10.112038415369636,15.165189090079574,21.57219527303923
18.44,10.614801653402077,15.622834312630896,22.57989601936685
18.45,11.109785982345715,15.989301533285971,23.682852686626703
18.46,11.588416767543388,16.24673166206514,24.86864153021216
18.47,12.040876762239549,16.377799998431858,26.12004815396989
18.48,12.456106107581597,16.36571623129339,27.415067510203244
18.490000000000002,12.82198230999392,16.193993722193966,28.727162222467335
18.5,13.12995104623213,15.847087273712631,30.029482249615654
18.51,13.368692776355733,15.332296557315441,31.283558249261755
18.52,13.52745266030307,14.664748490473428,32.45184141260968
18.53,13.598759387201856,13.861540113030198,33.502842123243866
18.54,13.578425175368737,12.94173858720379,34.41112995712589
18.55,13.465545772309497,11.926381197584435,35.15733368259739
18.56,13.262500454719104,10.838475351137134,35.72814126037754
18.57,12.974950818846555,9.703001600714689,36.1162995570378
18.580000000000002,12.607185386289498,8.559332229866474,36.32024782861606
18.59,12.166612594833932,7.44713370053342,36.346657712371815
18.6,11.665514828312356,6.390916407213325,36.20758967556594
18.61,11.116071981764573,5.410521345562203,35.91847138211413
18.62,10.530361461436287,4.521120112391319,35.498097692586455
18.63,9.920358184780639,3.733214905669949,34.96863066420825
18.64,9.297934580456564,3.0526385245228678,34.35559955085888
18.650000000000002,8.674860588330294,2.480554369232399,33.68790080307298
18.66,8.062208735731533,2.0104856026885987,32.986803973692844
18.67,7.467896332231586,1.6318257424019904,32.2586218238464
18.68,6.89804852096026,1.3368996070429962,31.514590375476285
18.69,6.357689427302381,1.1173698365245373,30.764288811589438
18.7,5.850742157519696,0.964219866446238,30.015595016197274
18.71,5.380028798749337,0.8677539280937834,29.27468557431355
18.72,4.947270419005262,0.8175970484393749,28.546035771956504
18.73,4.553084956008322,0.8027283624657299,27.83241882734233
18.740000000000002,4.196743791086829,0.8169838968246372,27.134967645684252
18.75,3.876922464757961,0.8570590683897169,26.454229835316664
18.76,3.592283913322672,0.9182004815333858,25.790653505437046
18.77,3.3413389044844655,0.9963930683364972,25.14451465228157
18.78,3.1224460373485843,1.0883600885885074,24.515917159123184
18.79,2.9338117424227272,1.1915631297872595,23.90479279627348
18.8,2.773490281616426,1.3042021071392393,23.31090122108088
18.81,2.6393497975918083,1.4251866123265493,22.73390076699983
18.82,2.529504845494967,1.553746766621153,22.173634420048995
18.830000000000002,2.442659533148879,1.6893108791939135,21.62990739262364
18.84,2.3775418445160765,1.8316536246301407,21.102574596901647
18.85,2.332874889556484,1.9808994271024445,20.59155441977434
18.86,2.3073769042275636,2.1375224603703753,20.09682872284778
18.87,2.299761250484188,2.3023466477808494,19.618442842441315
18.88,2.3087364162787103,2.476545662267699,19.156505589589006
18.89,2.3334035927867065,2.661326999369491,18.711257639849023
18.900000000000002,2.373680160194944,2.8575624019072077,18.28300124588664
18.91,2.429446915970831,3.066388706442826,17.872086603635974
18.92,2.5006337745643465,3.2891243345958223,17.479039987033957
18.93,2.58722067837945,3.527268563378869,17.10456406653516
18.94,2.689237597774282,3.782501525198466,16.74953790911069
18.95,2.806764531060919,4.056684207854266,16.41501697824923
18.96,2.9399412994371077,4.351833797753648,16.10224679802122
18.97,3.0893629511112835,4.6695314585047205,15.812906085160236
18.98,3.2559386528621874,5.011773065922809,15.548574215404452
18.990000000000002,3.4405721126501048,5.3807019511639576,15.311161940542263
19.0,3.64421218855122,5.778304026879256,15.103123025856652
19.01,3.867852888757865,6.206407787215307,14.927454250125013
19.02,4.112533371577994,6.666684307813215,14.787695405619637
19.03,4.379337945435822,7.1606472458098,14.68792929810722
19.04,4.669396068871121,7.68965283983629,14.632781746849252
19.05,4.983882350539992,8.254899910019724,14.627421584601747
19.06,5.3235991716117566,8.856160573706848,14.67691321889745
19.07,5.689095104467056,9.491567182842507,14.78702989288158
19.080000000000002,6.082335919714438,10.162692026049408,14.96719567508718
19.09,6.504560688247017,10.868679245226007,15.226675310357338
19.1,6.956151181688338,11.605870541891568,15.574351734426953
19.11,7.436631872391305,12.367805177184378,16.018726073922004
19.12,7.944669933439459,13.145219971863833,16.56791764636054
19.13,8.478075238645621,13.926049306308293,17.22966396015144
19.14,9.033800362553325,14.695425120517257,18.011320714595946
19.150000000000002,9.607940580435518,15.435676914109443,18.91986179988614
19.16,10.195733868295099,16.126331746323647,19.96187929710543
19.17,10.791058192772399,16.747779772548785,21.13963682574042
19.18,11.384292139810677,17.273051847813054,22.445035996452933
19.19,11.964072768137603,17.66686378920538,23.86634289097897
19.2,12.518123014343578,17.899447172024146,25.384909339362558
19.21,13.033251233579426,17.94670544476028,26.97509606152666
19.22,13.49535119955484,17.790213929096616,28.604272667268933
19.23,13.889402104539823,17.417219819908016,30.232817656266164
19.240000000000002,14.199468559363496,16.820642185261573,31.814118418070283
19.25,14.411874450704195,15.990554652988259,33.295724897734196
19.26,14.51717980985235,14.950940653414541,34.62936094338693
19.27,14.506782753651459,13.757302470897644,35.77680346399955
19.28,14.376970062181663,12.458561515038568,36.70952779006168
19.29,14.128958130373029,11.096813398960265,37.408706300557775
19.3,13.76889296800519,9.70732793930402,37.86520842296972
19.31,13.307850199708032,8.318549156233257,38.07960063327491
19.32,12.7618350649607,6.952095273429633,38.062146455947484
19.330000000000002,12.144448302549486,5.647727940043472,37.83582626629157
19.34,11.46693696906616,4.457328659364443,37.43120844732949
19.35,10.74761525545911,3.398779221486238,36.87657288473475
19.36,10.003368823144505,2.4819459459906694,36.20135968537613
19.37,9.249611253306933,1.7088261360414707,35.43618961842067
19.38,8.500284046901482,1.0735480783868976,34.612864115335476
19.39,7.767838387396099,0.5627099487895426,33.7634068284659
19.400000000000002,7.062260446804801,0.16329419380551946,32.90130358175647
19.41,6.390568934335583,-0.13779872113204195,32.03595442965804
19.42,5.758107125583972,-0.35442409746014514,31.177574937007858
19.43,5.168651549208752,-0.5000463057302487,30.333709055745977
19.44,4.624411986930178,-0.5877387856089022,29.50922912491286
19.45,4.126052748894139,-0.6299960636763101,28.70645320757006
19.46,3.672986922019765,-0.636275603478619,27.92672301169551
19.47,3.2637615320458497,-0.6145515109490998,27.170376092465556
19.48,2.8965252027514765,-0.5718828945910808,26.437241155863518
19.490000000000002,2.569087825814086,-0.5141639392593348,25.72684276629223
19.5,2.278920560808982,-0.4461239061600799,25.038401346573167
19.51,2.023165155414824,-0.3713592308722883,24.370867501804238
19.52,1.798960000426152,-0.2926628665616828,23.723290161586373
19.53,1.6036992299632122,-0.21215105999354406,23.094780195032968
19.54,1.434819584814506,-0.13141276542165015,22.484485921141648
19.55,1.289785012598009,-0.051535090440636866,21.89161101233221
19.56,1.1660866677616584,0.026896704013774198,21.315414494448355
19.57,1.0613434806429742,0.10369846814225807,20.755223309264135
19.580000000000002,0.973713282513626,0.17872632428550503,20.2104712010492
19.59,0.9015576697271159,0.2520237591740332,19.68064192367109
19.6,0.8433078048404279,0.3238267593883631,19.165253504535542
19.61,0.797465200611905,0.3945618557550374,18.66385839084783
19.62,0.7626030098019589,0.46484488889780917,18.176043721111018
19.63,0.737564693482007,0.5353089873405473,17.70144998704857
19.64,0.7216172773978105,0.6064490015287385,17.239755612785327
19.650000000000002,0.7141041758439702,0.6788459114402476,16.790657168598766
19.66,0.7144112064032834,0.7531827352353508,16.353874344402513
19.67,0.7219665899467563,0.8302445292568165,15.929149949745907
19.68,0.7362409506335978,0.9109183880297185,15.51624991381508
19.69,0.7568806315608593,0.9960938200106395,15.114977803078776
19.7,0.783858035269519,1.0865035129781615,14.725157818920405
19.71,0.8171948849157907,1.1829566469935962,14.346636564586372
19.72,0.8569535859396621,1.2863698945563422,13.97930392872423
19.73,0.9032372261062486,1.397767420581301,13.623093085392728
19.740000000000002,0.9561895755057003,1.5182808823986245,13.27798049406273
19.75,1.0159953583136612,1.6491493383374225,12.943986098716515
19.76,1.0830362642371196,1.7916371959094612,12.621239130971407
19.77,1.1578534332355674,1.9469941419093004,12.30984837913987
19.78,1.2410048725603944,2.116627356739329,12.00997547304227
19.79,1.33314416174841,2.3021047356090865,11.721937834572554
19.8,1.4350204526220807,2.5051548885357473,11.446208677697411
19.81,1.5474784692892665,2.7276671403435913,11.183417008457086
19.82,1.671458508143513,2.9716915306645824,10.934347624964595
19.830000000000002,1.8079964378637792,3.239438813937836,10.699941117406382
19.84,1.9582695287316736,3.533125820664963,10.481417920553406
19.85,2.1240472485511828,3.8537280920720605,10.281302001898663
19.86,2.306613704042344,4.204898587219634,10.100514384407482
19.87,2.507227654489122,4.590851169180527,9.94026674529997
19.88,2.7273536103858476,5.01550572502236,9.802759060023304
19.89,2.968661833437791,5.4824881658086255,9.691179602251282
19.900000000000002,3.2330283365606336,5.995130426597676,9.609704943884678
19.91,3.5225348838806614,6.556470466443095,9.563499955051062
19.92,3.8394689907351145,7.169252268394374,9.558717804104782
19.93,4.18632392367144,7.835925839495465,9.602499957627051
19.94,4.565798700448198,8.558647210786534,9.702976180425948
19.95,4.980798090034072,9.339278437302056,9.869264535536264
19.96,5.4344326126089495,10.179387598072875,10.111471384219822
19.97,5.927991247553173,11.077443642459505,10.439704813098492
19.98,6.461721210022167,12.031062029432606,10.868444147767788
19.990000000000002,7.039051482665591,13.040463171323626,11.417097184895415
20.0,7.661508401214899,14.099396133474,12.103946173558963
20.01,8.328596739036785,15.19495248635127,12.946044991921543
20.02,9.03779970713159,16.307566305546427,13.959219147229934
20.03,9.7845789541352,17.411014171776998,15.158065775817002
20.04,10.562374566317043,18.47241517088392,16.555953643098803
20.05,11.362605067582182,19.452230893834628,18.16502314357801
20.06,12.174671310672961,20.305471869344768,19.995358804522017
20.07,12.983758451293197,20.987947374574574,22.036242162693146
20.080000000000002,13.768491498109006,21.43142695748551,24.257686421918834
20.09,14.505568426391362,21.57562726061654,26.617187813437816
20.1,15.17038163403376,21.376155883161324,29.058099054526156
20.11,15.737017941550437,20.804511380968165,31.509629348491337
20.12,16.17825859207824,19.84808326653937,33.886844384679065
20.13,16.466677987471,18.505179012834443,36.08995532161512
20.14,16.584197684554407,16.797038368143305,38.01750914951761
20.150000000000002,16.517206491818087,14.836004017214723,39.6037019141248
20.16,16.26063595846284,12.728850575568348,40.80523746078249
20.17,15.81926022773912,10.56358184762121,41.59880260939116
20.18,15.207696036947832,8.409430826693027,41.98106715440331
20.19,14.450402717439092,6.3168596950001685,41.96868386482576
20.2,13.57757017168275,4.333526223523449,41.601996660344845
20.21,12.609435694615685,2.555959126571845,40.9530648398902
20.22,11.576622331349459,1.0202189836297402,40.086929191374345
20.23,10.508555961406824,-0.2627075293638219,39.065514750016895
20.240000000000002,9.43163908428877,-1.2998916481471037,37.94922175940818
20.25,8.369226259595091,-2.115883380802136,36.79598718882571
20.26,7.340177711251684,-2.737698320802455,35.63953913217236
20.27,6.357965073509333,-3.1927334772909557,34.50076767977062
20.28,5.432580958820454,-3.5094427802692514,33.39723525471982
20.29,4.570711850079196,-3.715243151944885,32.3400973687764
20.3,3.7757381163643715,-3.8365144808420384,31.334102660995324
20.31,3.0484507712741093,-3.8960662950476777,30.380022517243372
20.32,2.3871190716914814,-3.910240289797879,29.476582966970593
20.330000000000002,1.7885539995588704,-3.893338707835609,28.620691193066847
20.34,1.2491296160731031,-3.8575780851721806,27.809229468288912
20.35,0.7647830616849713,-3.8130892510871677,27.03905515525972
20.36,0.33101455610052755,-3.7679173281284983,26.307000706470305
20.37,-0.05711260172030075,-3.728021732112346,25.609873664277636
20.38,-0.4050692625809983,-3.6975093974089583,24.944502403127757
20.39,-0.7180586176182905,-3.6797583231927184,24.308439727907253
20.400000000000002,-1.0002202163850415,-3.677311487345257,23.69993519649175
20.41,-1.2556797025384858,-3.692213801024811,23.117463913215385
20.42,-1.4885986928943724,-3.7260450626775503,22.559715144692493
20.43,-1.703174777426353,-3.7799199580375236,22.02559231981904
20.44,-1.9036415192666465,-3.8544880601267577,21.514213029771046
20.45,-2.093944916962315,-3.9500649285166483,21.02502245915581
20.46,-2.2766354265138844,-4.067346946027574,20.558074493760195
20.47,-2.454050586468328,-4.207130795855107,20.113590711036803
20.48,-2.6285974249304846,-4.370106025741308,19.6919271969127
20.490000000000002,-2.802745779913433,-4.556855708101298,19.293577988034432
20.5,-2.9790282993386876,-4.767856440023375,18.919175071767533
20.51,-3.16004044103638,-5.003478343269269,18.569488386196156
20.52,-3.348141887134666,-5.264094471951483,18.245614658199695
20.53,-3.544744741307547,-5.5508193241093045,17.949210136567658
20.54,-3.7511871678704405,-5.86491467353195,17.682164225761813
20.55,-3.968905813457312,-6.2073867448175255,17.446686504859386
20.56,-4.199435084088906,-6.578985520684213,17.245307701377904
20.57,-4.444407145173362,-6.980204741971246,17.08087969127453
20.580000000000002,-4.705551921505663,-7.4112819076380045,16.95657549894661
20.59,-4.984696716149489,-7.872197724488514,16.87588895160741
20.6,-5.282971855898733,-8.362099509417256,16.842358465261533
20.61,-5.601121382088839,-8.881143814562048,16.86112167612082
20.62,-5.9400875525679,-9.429325726084423,16.938194236766652
20.63,-6.300431980795041,-10.005075874719829,17.079546677750912
20.64,-6.682335635841393,-10.60526043577919,17.291104407596215
20.650000000000002,-7.085598842389203,-11.225181129147494,17.578747712795607
20.66,-7.509641280732195,-11.858575219284383,17.948311757812615
20.67,-7.95350198677605,-12.497615515224847,18.405586585081736
20.68,-8.415839352037338,-13.132910370577662,18.95631711500745
20.69,-8.89470510694964,-13.754224451877024,19.605567098968965
20.7,-9.385866047799484,-14.351150298065232,20.35498069779604
20.71,-9.88465401959182,-14.904097883552446,21.208004814645772
20.72,-10.385483455070364,-15.393005713384014,22.16427954426619
20.73,-10.881605649679786,-15.798752292566249,23.21861878551404
20.740000000000002,-11.365108761564464,-16.10315612606516,24.361010241352492
20.75,-11.826917811569054,-16.288975718807116,25.576615418852025
20.76,-12.25679468323894,-16.339909575678917,26.845769629191857
20.77,-12.643338122819141,-16.240596201527424,28.143981987656886
20.78,-12.975126124254416,-15.973663429253296,29.44368460780179
20.79,-13.244125326638999,-15.526124004405334,30.715476552027766
20.8,-13.438633930516724,-14.91922867084321,31.91831846501002
20.81,-13.549463675883345,-14.176452136152752,33.01650324820113
20.82,-13.570804290555653,-13.320120128704314,33.981405908645854
20.830000000000002,-13.50022349017114,-12.3714093976545,34.7914835589783
20.84,-13.338666978188252,-11.350347712945517,35.43227541742337
20.85,-13.090458445886084,-10.275813865303949,35.89640280779717
20.86,-12.763299572364842,-9.16553766624333,36.183569159505595
20.87,-12.365497603212285,-8.044922264695122,36.298949422490494
20.88,-11.900307457292945,-6.966030262409459,36.247570487005646
20.89,-11.380229155732003,-5.953061503177744,36.04112959935269
20.900000000000002,-10.818131869279771,-5.02285911274536,35.69481701340988
20.91,-10.226298183216239,-4.18771701074255,35.22686137376803
20.92,-9.616424097350384,-3.455379910683649,34.658529715729834
20.93,-8.999619026021655,-2.8290433199690774,34.01412746531109
20.94,-8.38640579809826,-2.307353539883265,33.320998439239126
20.95,-7.7867163502737835,-1.8841404825351404,32.60704749253483
20.96,-7.2086699997103665,-1.5481017292744192,31.87603763065923
20.97,-6.657477584530081,-1.2900241197555053,31.1341335296864
20.98,-6.1372324463801435,-1.1012732098722031,30.389647685082622
20.990000000000002,-5.651097148773262,-0.9731317477833707,29.649334325653967
21.0,-5.201303477086995,-0.896799673912549,28.91838941354555
21.01,-4.789152438563335,-0.863394120947977,28.200450644240714
21.02,-4.415014262309776,-0.8639494138427408,27.49759744656285
21.03,-4.078200996920849,-0.8910267011106743,26.810737396150166
21.04,-3.7771673559259886,-0.9415268540946714,26.140729619393127
21.05,-3.5104572681265562,-1.011298025084249,25.487856227618142
21.06,-3.276514332524693,-1.0967570279799963,24.852267609054213
21.07,-3.073669705670782,-1.1949999098865332,24.234006937547544
21.080000000000002,-2.900142101664064,-1.303801951112312,23.633010172563154
21.09,-2.754037792152337,-1.4216176651696923,23.04910605918413
21.1,-2.633344836336337,-1.5475797670762896,22.482020706764406
21.11,-2.536030424243235,-1.681270761740636,21.931576502798862
21.12,-2.4608338411779607,-1.8222927643279836,21.397643693938683
21.13,-2.406690847217575,-1.9705221414952097,20.88011239217526
21.14,-2.372526355043278,-2.1261615039630213,20.378948897814713
21.150000000000002,-2.3572544299405633,-2.2897397065155944,19.894195699479166
21.16,-2.35977828979913,-2.4621118480007156,19.425971474106195
21.17,-2.3789903051129144,-2.644459271329983,18.97447108694834
21.18,-2.4137889233216705,-2.8382759654175396,18.539970286701788
21.19,-2.4638459336145067,-3.044755990846645,18.122932996301135
21.2,-2.529331641957506,-3.264973126926312,17.723809672269297
21.21,-2.610342318438635,-3.5002685871447166,17.343185236250697
21.22,-2.707026346290322,-3.752141862641726,16.98186604649602
21.23,-2.8195842218896887,-4.022250722209574,16.640879897861144
21.240000000000002,-2.948268554758322,-4.31241121229224,16.321476021808067
21.25,-3.0933840675623534,-4.6245976569856975,16.025125086404465
21.26,-3.2552953470294472,-4.960904881480382,15.753533194700875
21.27,-3.4347890630906743,-5.322671385487401,15.508931882268213
21.28,-3.6329716527632376,-5.712099077407263,15.293506006261147
21.29,-3.850913964937822,-6.131559460643318,15.109841315497613
21.3,-4.089686454575271,-6.583009988731247,14.96116595531441
21.31,-4.350359182705965,-7.067994065337861,14.851350467567713
21.32,-4.634001816430503,-7.587641044262394,14.784907790632655
21.330000000000002,-4.941683628919074,-8.142666229435322,14.766993259403641
21.34,-5.274473499411693,-8.733370874918823,14.803404605294151
21.35,-5.633439913218599,-9.359642184907466,14.90058195623685
21.36,-6.019631027330207,-10.02092000487846,15.065566929075008
21.37,-6.432959172486994,-10.714116634189887,15.3042361869668
21.38,-6.874152926953402,-11.436159213820664,15.62652823556953
21.39,-7.343823184565916,-12.182576639054027,16.043408292416572
21.400000000000002,-7.8414034025717365,-12.94581128365613,16.564408640487446
21.41,-8.365149601629195,-13.715218999876779,17.197628628208015
21.42,-8.912140365808368,-14.477069118450292,17.949734669451303
21.43,-9.478276842589743,-15.214544448593582,18.82596024353582
21.44,-10.058282742865774,-15.907741278008306,19.830105895227724
21.45,-10.645704340939286,-16.533669372878798,20.964539234738304
21.46,-11.233247704938126,-17.069816298567513,22.228846505249948
21.47,-11.810830169830911,-17.489850514526623,23.611405348386732
21.48,-12.365257958587355,-17.758688482715726,25.09236949573049
21.490000000000002,-12.883066512604584,-17.848329444140433,26.646526787660022
21.5,-13.350587730990986,-17.73829820022707,28.243298105532507
21.51,-13.75394997056665,-17.415645112822297,29.846737371685336
21.52,-14.079078045862264,-16.874946104193526,31.415531549432142
21.53,-14.311693229120237,-16.118302657028043,32.90300064306728
21.54,-14.438894564906375,-15.149175929294406,34.25571371013608
21.55,-14.454040463455689,-13.992772505955442,35.427692459155
21.56,-14.352949710127676,-12.710677075949693,36.39383799716788
21.57,-14.135544022685053,-11.35703207639045,37.13707951531255
21.580000000000002,-13.805997591043603,-9.97699408066162,37.64789340734551
21.59,-13.37273707727226,-8.60673379841641,37.92430326964339
21.6,-12.848441615592469,-7.273436075575809,37.971879901202854
21.61,-12.250042812379329,-5.9952998943319695,37.803741303640074
21.62,-11.595083253673314,-4.793920272601493,37.444420557920886
21.63,-10.894064071924525,-3.715784858194948,36.93272677887112
21.64,-10.164175242506433,-2.774055066280391,36.29794458803911
21.650000000000002,-9.421403980801763,-1.9728402031380403,35.56797086404357
21.66,-8.679858772787526,-1.3094998021554005,34.770094652906096
21.67,-7.9517693750341865,-0.774643623826778,33.93099716805016
21.68,-7.247495423163849,-0.3523237355510148,33.076450740284095
21.69,-6.575323787340826,-0.02879340651274781,32.21899905695855
21.7,-5.940572195549004,0.20804455054483917,31.36540360328091
21.71,-5.346988699358353,0.37138267737361474,30.523379829383206
21.72,-4.797110268702486,0.4736412652151615,29.698604296382367
21.73,-4.292262791876972,0.5264683548012611,28.894714676377824
21.740000000000002,-3.8325610755407427,0.5407397363535833,28.113309752453574
21.75,-3.4169090830836577,0.5259094873306932,27.35446970179029
21.76,-3.043358584703901,0.4883345167876881,26.61848877063497
21.77,-2.709733129058815,0.43386444644289873,25.904884465442333
21.78,-2.413663675863054,0.3674386485051807,25.213002240508068
21.79,-2.1525859624921404,0.2930243568573955,24.542066233008477
21.8,-1.9237405039816176,0.21361666705622878,23.89117926299852
21.81,-1.7242266292180335,0.13134991397403484,23.259381040055505
21.82,-1.5514876322641034,0.04788210219596259,22.64585733467669
21.830000000000002,-1.40321431278175,-0.03560100604946667,22.0498525566847
21.84,-1.2771374527090493,-0.1183086600287771,21.47066068817297
21.85,-1.1710264406671165,-0.1998426568431796,20.907626200193146
21.86,-1.0826892719603993,-0.28019734142836666,20.360144052756525
21.87,-1.010113347957536,-0.35963923898101346,19.827675979522002
21.88,-0.9518883352685745,-0.43833582968377005,19.309777329374626
21.89,-0.906743587216231,-0.5166095932559881,18.806032273317346
21.900000000000002,-0.8734726046993169,-0.5949378468467279,18.316054653504988
21.91,-0.850935688629187,-0.6739499853303167,17.839488443220564
21.92,-0.8380600396876591,-0.7544274020044887,17.376007814549062
21.93,-0.8339714658322206,-0.8371936286919258,16.92533337239133
21.94,-0.8382245819375049,-0.9228958881357336,16.487215599262942
21.95,-0.8504750469442947,-1.0122435654263928,16.061426813153417
21.96,-0.8704127893524672,-1.1060606231815497,15.64777302444729
21.97,-0.8977620072209608,-1.2052856015457618,15.246093935925316
21.98,-0.93228116816783,-1.3109716181907658,14.85626294276332
21.990000000000002,-0.9737800817040485,-1.4242763795901285,14.478191666318407
22.0,-1.022398784978072,-1.5462540727451297,14.111857774820539
22.01,-1.0784342921598902,-1.677930948620757,13.757235876552075
22.02,-1.142219658621145,-1.8204781939689236,13.414374182657241
22.03,-1.2141511842978614,-1.9752073320790489,13.083413627344727
22.04,-1.2946884136902652,-2.1435702227776505,12.764587867888666
22.05,-1.3843541358629885,-2.327159062428788,12.458223284627689
22.06,-1.48373438444484,-2.5277063839335803,12.164738980965831
22.07,-1.5936067141701085,-2.746952848039642,11.884810818608917
22.080000000000002,-1.7150287277115241,-2.986650834362571,11.61926964367449
22.09,-1.8488563295290095,-3.249106652885708,11.36862527435912
22.1,-1.9960910120897914,-3.53675821031172,11.133805298755126
22.11,-2.157899778492946,-3.8521524632205715,10.916187679359703
22.12,-2.335615142469819,-4.197945418070352,10.717600753074255
22.13,-2.5307351283835624,-4.57690213119637,10.540323231205
22.14,-2.7449232712296423,-4.991896708812142,10.387084199462434
22.150000000000002,-2.9800086166353705,-5.445912307008481,10.261063117961761
22.16,-3.2379857208600775,-5.942041131753836,10.165889821222681
22.17,-3.5209919122445683,-6.483357645340508,10.105675610393506
22.18,-3.8303660919671705,-7.06808295219126,10.086554258882702
22.19,-4.168642469877396,-7.701637930287196,10.114587389867744
22.2,-4.538800861360436,-8.391629743108016,10.196356461491048
22.21,-4.9433955833249446,-9.142789819188225,10.340036544364724
22.22,-5.384555454201988,-9.956973852115164,10.55539632157034
22.23,-5.86398379394619,-10.833161800531144,10.853798088659337
22.240000000000002,-6.3829584240346735,-11.767457888131489,11.248197753652565
22.25,-6.942331667467466,-12.753090603665285,11.753144837040352
22.26,-7.542530348768159,-13.780412700936559,12.3847824717832
22.27,-8.183555793982478,-14.836901198801765,13.160847403310417
22.28,-8.864983830679996,-15.907157381172688,14.100669989521931
22.29,-9.585682649443807,-16.973096022432646,15.224336215099633
22.3,-10.338264185132761,-18.01077524187661,16.539627679275725
22.31,-11.114380639805175,-18.977496700484142,18.05982028683488
22.32,-11.903712910945611,-19.82650438403035,19.79060434143236
22.330000000000002,-12.692237818464607,-20.51034727352586,21.723587439601957
22.34,-13.46222810469951,-20.98087934521814,23.83629447075732
22.35,-14.192252434415288,-21.189259570591716,26.09216761719452
22.36,-14.857175394802663,-21.08595191636725,28.440566354086684
22.37,-15.433911002518613,-20.613966405743817,30.82670356990807
22.38,-15.896194242915417,-19.766818964426307,33.157635333453825
22.39,-16.215535319251096,-18.58008138295108,35.32536610515805
22.400000000000002,-16.371893915129057,-17.094528808780204,37.24378272352644
22.41,-16.353697757476038,-15.356088634783715,38.84870564291782
22.42,-16.15784261654183,-13.41584049923729,40.09788893354545
22.43,-15.789692305899498,-11.33001628582673,40.971020281473336
22.44,-15.259588552795226,-9.17424693811945,41.462876115390394
22.45,-14.576727479565832,-7.073520503521502,41.57172303531992
22.46,-13.766220276327042,-5.102253212986059,41.33428542684085
22.47,-12.85497034191021,-3.3134255981220884,40.79859137138849
22.48,-11.87029537947579,-1.7432915021720632,40.02127736775591
22.490000000000002,-10.839927396515503,-0.4113780800165525,39.06758833209503
22.5,-9.792012704851436,0.6795142018280611,38.01137759791628
22.51,-8.752135858432972,1.5470989257499075,36.909341002108874
22.52,-7.738377061672872,2.2182335226370062,35.78496715605378
22.53,-6.765463596055018,2.717244028133642,34.66526643252993
22.54,-5.844675119293084,3.0701029954078822,33.57073560274081
22.55,-4.983843406065826,3.3044303398274355,32.51535462957861
22.56,-4.187352348019678,3.4494933389586127,31.506586667627364
22.57,-3.456457775875412,3.5305735004396057,30.546263847554926
22.580000000000002,-2.7900831691357046,3.5609280979249007,29.633626828540184
22.59,-2.1857479625866802,3.5553850510563327,28.766541002916746
22.6,-1.6403727399015322,3.5266824115377946,27.942563075350417
22.61,-1.1502888945617018,3.4853465570401005,27.158959057662443
22.62,-0.7112386298553264,3.4396921912009213,26.41270426882715
22.63,-0.3183510295474141,3.3958657706227937,25.700503001458006
22.64,0.03365358626605014,3.3586547673384106,25.019455424172843
22.650000000000002,0.34917069073442253,3.331671687915494,24.367387022505476
22.66,0.6324320972980109,3.3177868314940264,23.742373894579497
22.67,0.8877011923014011,3.319283294557743,23.14272948431235
22.68,1.1192729349927784,3.3378569709341535,22.567004581416892
22.69,1.3314738575246605,3.3746165517945466,22.01398732139965
22.7,1.5285200613932188,3.4301501127275755,21.482734960676368
22.71,1.7134529624592134,3.5051755714374973,20.97279927458492
22.72,1.8888212820819856,3.6005245233488834,20.48400237822251
22.73,2.0572222244758986,3.716910333486393,20.016281333271998
22.740000000000002,2.221296883072907,3.8549280837426925,19.56968849620233
22.75,2.3837302405227554,4.01505457287852,19.144391518267955
22.76,2.5472511686931405,4.197648316522894,18.740673345508437
22.77,2.7143343810473763,4.403123671720569,18.359108713149528
22.78,2.8865110776380485,4.632584298258937,18.00071651488306
22.79,3.065243529749324,4.887258964798834,17.666683705370364
22.8,3.2521161765794924,5.168271317235433,17.358453686654705
22.81,3.4488353682112507,5.476639858970204,17.07772671256511
22.82,3.6572293656122383,5.813277950911706,16.826459888715505
22.830000000000002,3.8792483406345557,6.178993811474852,16.606867172505428
22.84,4.116895635242507,6.574411412788655,16.421437791657674
22.85,4.371469301655371,7.000134431671396,16.27331141577673
22.86,4.644125996261399,7.457919590186241,16.166339744236957
22.87,4.936022760169145,7.948882783175407,16.10484700487153
22.88,5.24824380505027,8.473233350535159,16.093626427987026
22.89,5.581800513140378,9.030274077217204,16.137940246363275
22.900000000000002,5.93763143723825,9.61840119322742,16.24351969525342
22.91,6.316602300706151,10.235104373626372,16.416565012383806
22.92,6.719505997470263,10.876966738529998,16.66374543795428
22.93,7.146491335173998,11.539851864874176,16.990879450634488
22.94,7.594604377937977,12.21876326311445,17.399686561255884
22.95,8.063978573564038,12.904477123635752,17.903194321690794
22.96,8.55406177490583,13.585571691163867,18.512795325950282
22.97,9.062751886268062,14.248804486118331,19.235896005134705
22.98,9.586396863407902,14.879112304614345,20.075916627435447
22.990000000000002,10.11979471353372,15.459611218461106,21.03229129813322
23.0,10.656193495305613,15.971596575162597,22.100467959598653
23.01,11.187291318835998,16.39454299791806,23.27190839129362
23.02,11.70323634568828,16.706104385620787,24.534088209768484
23.03,12.19262678887835,16.882113912859307,25.870496868665413
23.04,12.642510912873128,16.896584029916525,27.260637658714806
23.05,13.042706054705045,16.727954990639983,28.681362945431744
23.06,13.381496913861803,16.37402244240357,30.09285357143537
23.07,13.644761872426741,15.839870220209576,31.450667642714908
23.080000000000002,13.821624197436527,15.135181890448658,32.71597776720341
23.09,13.904452159438746,14.274240789529212,33.85557118730911
23.1,13.888859032491865,13.275930023876178,34.84184977991647
23.11,13.773703094165112,12.163732469933311,35.65283005638352
23.12,13.561087625538427,10.965730774160367,36.27214316254462
23.13,13.253314873114286,9.723210973228223,36.686721833183256
23.14,12.856215978726633,8.483704933697574,36.895713044089185
23.150000000000002,12.381450274052536,7.280757757916291,36.909976998679475
23.16,11.841249654146832,6.142340099061981,36.744418871880086
23.17,11.24840311914244,5.090883558659312,36.41797061934936
23.18,10.616256774251752,4.143280686582781,35.95359097747855
23.19,9.958713829764985,3.310884981053751,35.37826546339093
23.2,9.290233213389602,2.599505110173412,34.72299665666674
23.21,8.62402344648541,2.00512609730934,34.012768780131466
23.22,7.969984336463565,1.5185391266538177,33.26207541594165
23.23,7.336672571762408,1.1317354312501187,32.486081102201325
23.240000000000002,6.7311059069213295,0.8353197670943988,31.69766777397087
23.25,6.158763162580026,0.6185104131350383,30.907434763266245
23.26,5.623584225477934,0.4691391712725528,30.123698799058143
23.27,5.127970334519628,0.3736581291509819,29.352492914362724
23.28,4.672912544380684,0.32214780570852863,28.596910793433253
23.29,4.258169782469212,0.3085537576117966,27.85825775981257
23.3,3.8829362780208365,0.3256745077792346,27.13771549842216
23.31,3.5460851009722774,0.3672608248553279,26.436044617045265
23.32,3.246168161960279,0.42801572321063686,25.75358464632486
23.330000000000002,2.9814162123224808,0.5035944629417157,25.09025403976539
23.34,2.749737921184631,0.5906047691482497,24.445550751166838
23.35,2.5484948144565442,0.6866424182867532,23.818941100040977
23.36,2.3755676237998684,0.789839258255643,23.210063785557757
23.37,2.229257290953854,0.898687987691942,22.618455810028244
23.38,2.107811533104484,1.0121366970191321,22.043692393453956
23.39,2.00942484288406,1.1295888684474622,21.48538697352516
23.400000000000002,1.932238488371521,1.2509033759736705,20.943191205622323
23.41,1.874340513092283,1.3763944853810992,20.41679496281548
23.42,1.8337657360182127,1.506831854239835,19.90592633586369
23.43,1.8089787476994907,1.6430772449743198,19.4104158803322
23.44,1.7995333669153426,1.7855111983858851,18.93017997097537
23.45,1.804923432062241,1.9347967474301968,18.465135673779187
23.46,1.8246527171683076,2.091822625081756,18.01528802212333
23.47,1.8582372111142749,2.257701591978371,17.580730547265944
23.48,1.905205117633542,2.4337704364216055,17.161645278342366
23.490000000000002,1.9650968553121027,2.621589974376373,16.758302742366205
23.5,2.0374679546687102,2.8229427329892967,16.371063057516896
23.51,2.1224501262448343,3.039387554797443,16.000490962911684
23.52,2.2206454629999737,3.2723387115563063,15.647148998513044
23.53,2.3325615042609287,3.5234887887624744,15.311733204809414
23.54,2.4587860753656616,3.7946641894957143,14.995217286288739
23.55,2.5999872876636143,4.08782513441969,14.698852611437502
23.56,2.7569135385153474,4.405065661781185,14.42416821274164
23.57,2.9303935112929453,4.748613627410946,14.172970786685685
23.580000000000002,3.1213361753796383,5.120830704722906,13.94734469375348
23.59,3.3308124413224363,5.52300772855599,13.750018033948704
23.6,3.5602911553393644,5.956827612351052,13.58405204787504
23.61,3.811288731240181,6.426352751477696,13.45241232344247
23.62,4.085276072266075,6.934778982113409,13.358954914020229
23.63,4.3836792364089865,7.484386134135567,13.308441046680322
23.64,4.707879436412386,8.076538031122878,13.306537122197259
23.650000000000002,5.05921303977056,8.711682490354056,13.359814715048227
23.66,5.4389715687288795,9.389351322808333,13.475750573412945
23.67,5.848401700284249,10.108160333166254,13.662726619173874
23.68,6.288705266184142,10.865809319807955,13.930029947915864
23.69,6.761039252927757,11.659082074815203,14.287852828926704
23.7,7.266299605381965,12.483772565187625,14.746837316197976
23.71,7.802158336578504,13.332348676582663,15.31387484920659
23.72,8.368050047634517,14.193029233722076,16.004654995285765
23.73,8.962663041201953,15.050482869310335,16.833608201482235
23.740000000000002,9.582527503369656,15.885656349952166,17.810263212528827
23.75,10.222015503663938,16.675774576153497,18.939247070844957
23.76,10.873340995049293,17.39434058232228,20.220285116538072
23.77,11.526559813926802,18.011135536766567,21.648200987400724
23.78,12.169569680135966,18.492218741696533,23.21291661891417
23.79,12.788170369441792,18.80001127167991,24.899539738296863
23.8,13.369363357254201,18.90143647395687,26.687381972200313
23.81,13.894119277314818,18.768880437124714,28.527101741428
23.82,14.342195811805594,18.382984905662095,30.362346384546537
23.830000000000002,14.696179139407686,17.736694674635597,32.139126580879704
23.84,14.941483935302163,16.83525758970002,33.8058163505105
23.85,15.066353371170118,15.696224547097005,35.313153054282836
23.86,15.061859115192167,14.349449493657465,36.614237393797524
23.87,14.921658573470967,12.837495490987962,37.66116060581517
23.88,14.645568635347157,11.223644569032727,38.419664521541755
23.89,14.241589477232244,9.577158359448612,38.89271053769542
23.900000000000002,13.721010765396164,7.956917771872744,39.091353446866606
23.91,13.098179077227252,6.410985715949205,39.03302542279994
23.92,12.390497901231406,4.976607101327428,38.74153602039371
23.93,11.618427637033696,3.6802088376659388,38.24707217570026
23.94,10.805228337405843,2.53769132978215,37.58654967793903
23.95,9.969652955290979,1.5602118777429368,36.80741603615893
23.96,9.12866876661638,0.7471394614055176,35.94702808543526
23.97,8.298163890854246,0.09013417220019537,35.034877145469544
23.98,7.491259945384461,-0.42408913554534466,34.09622453771004
23.990000000000002,6.718312045496673,-0.8137608446042672,33.15210158535388
24.0,5.986972788056618,-1.1010413226377402,32.218848858776816
24.01,5.302425811369875,-1.301637915413757,31.30415026381393
24.02,4.667306797555691,-1.4306954679339998,30.412991996444823
24.03,4.082938407928565,-1.5027318553990519,29.549078455290996
24.04,3.549487042531384,-1.5306123297779255,28.7143981331124
24.05,3.065962840133754,-1.5255495198082891,27.909223616804972
24.060000000000002,2.630205179612229,-1.4970634013183532,27.13244743065775
24.07,2.239276860248392,-1.4524876131597133,26.383150352110817
24.080000000000002,1.890222253190671,-1.3975762737294481,25.65987430594238
24.09,1.5799714216716367,-1.3371940909918816,24.961158604579992
24.1,1.3053264920526308,-1.2753329109928198,24.285615741930435
24.11,1.062961653824655,-1.2151117178597146,23.631931393381695
24.12,0.8494231596075834,-1.1587766338014953,22.99886441580107
24.13,0.6611293904011319,-1.107700973781434,22.38524684383555
24.14,0.4948995116093282,-1.0628107411309329,21.790003294040318
24.150000000000002,0.3483635425125801,-1.0250438162942506,21.212267754322088
24.16,0.2191263112692282,-0.994985592731034,20.65128181128724
24.17,0.10484630077041912,-0.9729911326792637,20.106343110505662
24.18,0.0032356486404128137,-0.959185167155322,19.576805356512118
24.19,-0.08793200681240045,-0.9534695042039011,19.062079892209315
24.2,-0.1704746154488977,-0.9558202662181283,18.56168671357442
24.21,-0.2457767130024879,-0.9663636350655838,18.075221727548968
24.22,-0.315196220039064,-0.985173837580899,17.602300772137124
24.23,-0.38007220276753917,-1.0122865160304242,17.142563385084514
24.240000000000002,-0.4417248730396689,-1.0476987281121892,16.695672803879418
24.25,-0.5014314831575205,-1.091393463426175,16.261320917855446
24.26,-0.5601410146478971,-1.1436033934028311,15.839264590227712
24.27,-0.6186341358759474,-1.2047021442152281,15.429290197112548
24.28,-0.6777266249149704,-1.2750948141010476,15.031211998242926
24.29,-0.7382680606531474,-1.355224820720234,14.644875182087752
24.3,-0.8011418227937122,-1.4455739011551958,14.270155865850764
24.310000000000002,-0.8672642644829829,-1.5466693656437218,13.906966668703403
24.32,-0.9374320797926627,-1.6592573386415905,13.555292750440804
24.330000000000002,-1.0122522533963079,-1.7843310661385727,13.215147025743855
24.34,-1.092411863819694,-1.9229805017649761,12.886621769437902
24.35,-1.1787023151759992,-2.076386080401289,12.56990002781147
24.36,-1.2720193371655748,-2.245818718177784,12.265255618617196
24.37,-1.3733629850761933,-2.432639812474955,11.97305313107093
24.38,-1.4838376397827795,-2.6383012419230347,11.693747925852602
24.39,-1.604634208415397,-2.86438178998184,11.428071513000393
24.400000000000002,-1.7367247027914117,-3.1129646665733057,11.176779480147422
24.41,-1.8810899960129968,-3.386420098894311,10.94068410104061
24.42,-2.038900736704096,-3.687224039443519,10.721007353629187
24.43,-2.211517448620798,-4.017958074391014,10.519381272444859
24.44,-2.400490530651785,-4.381309423579165,10.337847948601198
24.45,-2.6075602568178406,-4.780070940521677,10.178859529794204
24.46,-2.8346567762723893,-5.217141112404629,10.0452782203018
24.47,-3.083900113300907,-5.69552406008534,9.940376280984273
24.48,-3.357232845579251,-6.2166888412115515,9.868633686410462
24.490000000000002,-3.6565561333116534,-6.78350514215548,9.835279644222956
24.5,-3.9844229931967274,-7.402511518556376,9.845152585445522
24.51,-4.3432486651137285,-8.078493988593705,9.904696390503691
24.52,-4.735296236364544,-8.814403498053654,10.0219938579694
24.53,-5.162676641674717,-9.61135592033106,10.206766704561167
24.54,-5.627348663192328,-10.468632056427321,10.470375565143748
24.55,-6.131118930489214,-11.38367763495265,10.825819992728674
24.560000000000002,-6.675641920559846,-12.352103312124001,11.28773845847367
24.57,-7.262419957821755,-13.3676846717659,11.87240835168277
24.580000000000002,-7.892803214116231,-14.422362225311607,12.597745979807096
24.59,-8.565193166550896,-15.505272987474788,13.47745504641504
24.6,-9.275870256280177,-16.595650879698308,14.529238073812582
24.61,-10.022411529907698,-17.6647160580413,15.776889438527705
24.62,-10.798727477078975,-18.678267805356413,17.23417570910879
24.63,-11.595012989180562,-19.59669229147883,18.904704318004608
24.64,-12.397747359342251,-20.37496257322911,20.78192356156847
24.650000000000002,-13.18969428243511,-20.962638594410777,22.84912260005425
24.66,-13.949901855072333,-21.303867185811637,25.079431457617883
24.67,-14.655531187685504,-21.33959452277259,27.437676629267884
24.68,-15.28355301904748,-21.028248680225893,29.861518912079077
24.69,-15.802816632975492,-20.349166049346813,32.25303627405349
24.7,-16.18687399010819,-19.300943395035837,34.521316596714655
24.71,-16.415101813221444,-17.9017809401817,36.58505802193348
24.72,-16.472701587227295,-16.18948236566432,38.3725689519219
24.73,-16.350699559174576,-14.221454810350904,39.821768049238706
24.740000000000002,-16.044795820313304,-12.080746029734462,40.87382732552972
24.75,-15.561102446866593,-9.878386872664118,41.50681179236715
24.76,-14.916605531803446,-7.711409509009651,41.74465699396111
24.77,-14.132385389284508,-5.658203148706134,41.621587366545015
24.78,-13.233527329802799,-3.7786280872835363,41.1816306697057
24.79,-12.249121660185892,-2.11401570587247,40.478617986383625
24.8,-11.212138690655499,-0.6871768980987576,39.576260642798424
24.810000000000002,-10.15117322254215,0.4976130793142117,38.54493649482369
24.82,-9.089799269657695,1.4511776579143363,37.437569699174105
24.830000000000002,-8.049315479603715,2.1919842533152876,36.2952213711795
24.84,-7.04670120265044,2.7450607794253417,35.151237394570714
24.85,-6.094616491733822,3.1419956484495293,34.031248421476405
24.86,-5.201535920766306,3.418321214777655,32.95241748341768
24.87,-4.372323429663171,3.5959533343923114,31.919989817310675
24.88,-3.608687347748956,3.6964761076033152,30.936423301875642
24.89,-2.9107492635615997,3.739785081510332,30.002643829495
24.900000000000002,-2.2771801937383445,3.742823718827099,29.11768997652394
24.91,-1.7052005830148156,3.719583397881596,28.278713003289305
24.92,-1.190448724955218,3.6814820438935083,27.481910321879266
24.93,-0.7282252146313121,3.6370048347119237,26.72422474910048
24.94,-0.3142248961229521,3.592480211933692,26.002418188835087
24.95,0.05602240126550173,3.5532945633068924,25.313591315696627
24.96,0.3871550947482576,3.5238979789083715,24.655189658645767
24.97,0.6839798480570334,3.507804251143848,24.02500360099227
24.98,0.9514715714420023,3.5075908747478346,23.421168380393112
24.990000000000002,1.1947734216710297,3.5248990467836885,22.842164088854084
25.0,1.4180950093868478,3.560711767866287,22.28682146839265
